geoid,usps,name,classfp,valid_from,valid_to,listed_in
01001,AL,Autauga County,H1,,,2020
01003,AL,Baldwin County,H1,,,2020
01005,AL,Barbour County,H1,,,2020
01007,AL,Bibb County,H1,,,2020
01009,AL,Blount County,H1,,,2020
01011,AL,Bullock County,H1,,,2020
01013,AL,Butler County,H1,,,2020
01015,AL,Calhoun County,H1,,,2020
01017,AL,Chambers County,H1,,,2020
01019,AL,Cherokee County,H1,,,2020
01021,AL,Chilton County,H1,,,2020
01023,AL,Choctaw County,H1,,,2020
01025,AL,Clarke County,H1,,,2020
01027,AL,Clay County,H1,,,2020
01029,AL,Cleburne County,H1,,,2020
01031,AL,Coffee County,H1,,,2020
01033,AL,Colbert County,H1,,,2020
01035,AL,Conecuh County,H1,,,2020
01037,AL,Coosa County,H1,,,2020
01039,AL,Covington County,H1,,,2020
01041,AL,Crenshaw County,H1,,,2020
01043,AL,Cullman County,H1,,,2020
01045,AL,Dale County,H1,,,2020
01047,AL,Dallas County,H1,,,2020
01049,AL,DeKalb County,H1,,,2020
01051,AL,Elmore County,H1,,,2020
01053,AL,Escambia County,H1,,,2020
01055,AL,Etowah County,H1,,,2020
01057,AL,Fayette County,H1,,,2020
01059,AL,Franklin County,H1,,,2020
01061,AL,Geneva County,H1,,,2020
01063,AL,Greene County,H1,,,2020
01065,AL,Hale County,H1,,,2020
01067,AL,Henry County,H1,,,2020
01069,AL,Houston County,H1,,,2020
01071,AL,Jackson County,H1,,,2020
01073,AL,Jefferson County,H1,,,2020
01075,AL,Lamar County,H1,,,2020
01077,AL,Lauderdale County,H1,,,2020
01079,AL,Lawrence County,H1,,,2020
01081,AL,Lee County,H1,,,2020
01083,AL,Limestone County,H1,,,2020
01085,AL,Lowndes County,H1,,,2020
01087,AL,Macon County,H1,,,2020
01089,AL,Madison County,H1,,,2020
01091,AL,Marengo County,H1,,,2020
01093,AL,Marion County,H1,,,2020
01095,AL,Marshall County,H1,,,2020
01097,AL,Mobile County,H1,,,2020
01099,AL,Monroe County,H1,,,2020
01101,AL,Montgomery County,H1,,,2020
01103,AL,Morgan County,H1,,,2020
01105,AL,Perry County,H1,,,2020
01107,AL,Pickens County,H1,,,2020
01109,AL,Pike County,H1,,,2020
01111,AL,Randolph County,H1,,,2020
01113,AL,Russell County,H1,,,2020
01115,AL,St. Clair County,H1,,,2020
01117,AL,Shelby County,H1,,,2020
01119,AL,Sumter County,H1,,,2020
01121,AL,Talladega County,H1,,,2020
01123,AL,Tallapoosa County,H1,,,2020
01125,AL,Tuscaloosa County,H1,,,2020
01127,AL,Walker County,H1,,,2020
01129,AL,Washington County,H1,,,2020
01131,AL,Wilcox County,H1,,,2020
01133,AL,Winston County,H1,,,2020
02013,AK,Aleutians East Borough,H1,,,2020
02016,AK,Aleutians West Census Area,H5,,,2020
02020,AK,Anchorage Municipality,H6,,,2020
02050,AK,Bethel Census Area,H5,,,2020
02060,AK,Bristol Bay Borough,H1,,,2020
02063,AK,Chugach Census Area,H5,2019-01-02,,2020
02066,AK,Copper River Census Area,H5,2019-01-02,,2020
02068,AK,Denali Borough,H1,1990-12-07,,2020
02070,AK,Dillingham Census Area,H5,,,2020
02090,AK,Fairbanks North Star Borough,H1,,,2020
02100,AK,Haines Borough,H1,,,2020
02105,AK,Hoonah-Angoon Census Area,H5,2007-06-20,,2020
02110,AK,Juneau City and Borough,H6,,,2020
02122,AK,Kenai Peninsula Borough,H1,,,2020
02130,AK,Ketchikan Gateway Borough,H1,,,2020
02150,AK,Kodiak Island Borough,H1,,,2020
02158,AK,Kusilvak Census Area,H5,2015-07-01,,2020
02164,AK,Lake and Peninsula Borough,H1,,,2020
02170,AK,Matanuska-Susitna Borough,H1,,,2020
02180,AK,Nome Census Area,H5,,,2020
02185,AK,North Slope Borough,H1,,,2020
02188,AK,Northwest Arctic Borough,H1,,,2020
02195,AK,Petersburg Borough,H1,2008-06-01,,2020
02198,AK,Prince of Wales-Hyder Census Area,H5,2008-05-19,,2020
02201,AK,Prince of Wales-Outer Ketchikan Census Area,,,2008-05-19,census_county_changes
02220,AK,Sitka City and Borough,H6,,,2020
02230,AK,Skagway Municipality,H1,2007-06-20,,2020
02231,AK,Skagway-Yakutat-Angoon Census Area,,,1992-09-22,census_county_changes
02232,AK,Skagway-Hoonah-Angoon Census Area,,,2007-06-20,census_county_changes
02240,AK,Southeast Fairbanks Census Area,H5,,,2020
02261,AK,Valdez-Cordova Census Area,,,2019-01-02,census_county_changes
02270,AK,Wade Hampton Census Area,,,2015-07-01,census_county_changes
02275,AK,Wrangell City and Borough,H6,2008-06-01,,2020
02280,AK,Wrangell-Petersburg Census Area,,,2008-06-01,census_county_changes
02282,AK,Yakutat City and Borough,H1,1992-09-22,,2020
02290,AK,Yukon-Koyukuk Census Area,H5,,,2020
04001,AZ,Apache County,H1,,,2020
04003,AZ,Cochise County,H1,,,2020
04005,AZ,Coconino County,H1,,,2020
04007,AZ,Gila County,H1,,,2020
04009,AZ,Graham County,H1,,,2020
04011,AZ,Greenlee County,H1,,,2020
04012,AZ,La Paz County,H1,,,2020
04013,AZ,Maricopa County,H1,,,2020
04015,AZ,Mohave County,H1,,,2020
04017,AZ,Navajo County,H1,,,2020
04019,AZ,Pima County,H1,,,2020
04021,AZ,Pinal County,H1,,,2020
04023,AZ,Santa Cruz County,H1,,,2020
04025,AZ,Yavapai County,H1,,,2020
04027,AZ,Yuma County,H1,,,2020
05001,AR,Arkansas County,H1,,,2020
05003,AR,Ashley County,H1,,,2020
05005,AR,Baxter County,H1,,,2020
05007,AR,Benton County,H1,,,2020
05009,AR,Boone County,H1,,,2020
05011,AR,Bradley County,H1,,,2020
05013,AR,Calhoun County,H1,,,2020
05015,AR,Carroll County,H1,,,2020
05017,AR,Chicot County,H1,,,2020
05019,AR,Clark County,H1,,,2020
05021,AR,Clay County,H1,,,2020
05023,AR,Cleburne County,H1,,,2020
05025,AR,Cleveland County,H1,,,2020
05027,AR,Columbia County,H1,,,2020
05029,AR,Conway County,H1,,,2020
05031,AR,Craighead County,H1,,,2020
05033,AR,Crawford County,H1,,,2020
05035,AR,Crittenden County,H1,,,2020
05037,AR,Cross County,H1,,,2020
05039,AR,Dallas County,H1,,,2020
05041,AR,Desha County,H1,,,2020
05043,AR,Drew County,H1,,,2020
05045,AR,Faulkner County,H1,,,2020
05047,AR,Franklin County,H1,,,2020
05049,AR,Fulton County,H1,,,2020
05051,AR,Garland County,H1,,,2020
05053,AR,Grant County,H1,,,2020
05055,AR,Greene County,H1,,,2020
05057,AR,Hempstead County,H1,,,2020
05059,AR,Hot Spring County,H1,,,2020
05061,AR,Howard County,H1,,,2020
05063,AR,Independence County,H1,,,2020
05065,AR,Izard County,H1,,,2020
05067,AR,Jackson County,H1,,,2020
05069,AR,Jefferson County,H1,,,2020
05071,AR,Johnson County,H1,,,2020
05073,AR,Lafayette County,H1,,,2020
05075,AR,Lawrence County,H1,,,2020
05077,AR,Lee County,H1,,,2020
05079,AR,Lincoln County,H1,,,2020
05081,AR,Little River County,H1,,,2020
05083,AR,Logan County,H1,,,2020
05085,AR,Lonoke County,H1,,,2020
05087,AR,Madison County,H1,,,2020
05089,AR,Marion County,H1,,,2020
05091,AR,Miller County,H1,,,2020
05093,AR,Mississippi County,H1,,,2020
05095,AR,Monroe County,H1,,,2020
05097,AR,Montgomery County,H1,,,2020
05099,AR,Nevada County,H1,,,2020
05101,AR,Newton County,H1,,,2020
05103,AR,Ouachita County,H1,,,2020
05105,AR,Perry County,H1,,,2020
05107,AR,Phillips County,H1,,,2020
05109,AR,Pike County,H1,,,2020
05111,AR,Poinsett County,H1,,,2020
05113,AR,Polk County,H1,,,2020
05115,AR,Pope County,H1,,,2020
05117,AR,Prairie County,H1,,,2020
05119,AR,Pulaski County,H1,,,2020
05121,AR,Randolph County,H1,,,2020
05123,AR,St. Francis County,H1,,,2020
05125,AR,Saline County,H1,,,2020
05127,AR,Scott County,H1,,,2020
05129,AR,Searcy County,H1,,,2020
05131,AR,Sebastian County,H1,,,2020
05133,AR,Sevier County,H1,,,2020
05135,AR,Sharp County,H1,,,2020
05137,AR,Stone County,H1,,,2020
05139,AR,Union County,H1,,,2020
05141,AR,Van Buren County,H1,,,2020
05143,AR,Washington County,H1,,,2020
05145,AR,White County,H1,,,2020
05147,AR,Woodruff County,H1,,,2020
05149,AR,Yell County,H1,,,2020
06001,CA,Alameda County,H1,,,2020
06003,CA,Alpine County,H1,,,2020
06005,CA,Amador County,H1,,,2020
06007,CA,Butte County,H1,,,2020
06009,CA,Calaveras County,H1,,,2020
06011,CA,Colusa County,H1,,,2020
06013,CA,Contra Costa County,H1,,,2020
06015,CA,Del Norte County,H1,,,2020
06017,CA,El Dorado County,H1,,,2020
06019,CA,Fresno County,H1,,,2020
06021,CA,Glenn County,H1,,,2020
06023,CA,Humboldt County,H1,,,2020
06025,CA,Imperial County,H1,,,2020
06027,CA,Inyo County,H1,,,2020
06029,CA,Kern County,H1,,,2020
06031,CA,Kings County,H1,,,2020
06033,CA,Lake County,H1,,,2020
06035,CA,Lassen County,H1,,,2020
06037,CA,Los Angeles County,H1,,,2020
06039,CA,Madera County,H1,,,2020
06041,CA,Marin County,H1,,,2020
06043,CA,Mariposa County,H1,,,2020
06045,CA,Mendocino County,H1,,,2020
06047,CA,Merced County,H1,,,2020
06049,CA,Modoc County,H1,,,2020
06051,CA,Mono County,H1,,,2020
06053,CA,Monterey County,H1,,,2020
06055,CA,Napa County,H1,,,2020
06057,CA,Nevada County,H1,,,2020
06059,CA,Orange County,H1,,,2020
06061,CA,Placer County,H1,,,2020
06063,CA,Plumas County,H1,,,2020
06065,CA,Riverside County,H1,,,2020
06067,CA,Sacramento County,H1,,,2020
06069,CA,San Benito County,H1,,,2020
06071,CA,San Bernardino County,H1,,,2020
06073,CA,San Diego County,H1,,,2020
06075,CA,San Francisco County,H6,,,2020
06077,CA,San Joaquin County,H1,,,2020
06079,CA,San Luis Obispo County,H1,,,2020
06081,CA,San Mateo County,H1,,,2020
06083,CA,Santa Barbara County,H1,,,2020
06085,CA,Santa Clara County,H1,,,2020
06087,CA,Santa Cruz County,H1,,,2020
06089,CA,Shasta County,H1,,,2020
06091,CA,Sierra County,H1,,,2020
06093,CA,Siskiyou County,H1,,,2020
06095,CA,Solano County,H1,,,2020
06097,CA,Sonoma County,H1,,,2020
06099,CA,Stanislaus County,H1,,,2020
06101,CA,Sutter County,H1,,,2020
06103,CA,Tehama County,H1,,,2020
06105,CA,Trinity County,H1,,,2020
06107,CA,Tulare County,H1,,,2020
06109,CA,Tuolumne County,H1,,,2020
06111,CA,Ventura County,H1,,,2020
06113,CA,Yolo County,H1,,,2020
06115,CA,Yuba County,H1,,,2020
08001,CO,Adams County,H1,,,2020
08003,CO,Alamosa County,H1,,,2020
08005,CO,Arapahoe County,H1,,,2020
08007,CO,Archuleta County,H1,,,2020
08009,CO,Baca County,H1,,,2020
08011,CO,Bent County,H1,,,2020
08013,CO,Boulder County,H1,,,2020
08014,CO,Broomfield County,H6,2001-11-15,,2020
08015,CO,Chaffee County,H1,,,2020
08017,CO,Cheyenne County,H1,,,2020
08019,CO,Clear Creek County,H1,,,2020
08021,CO,Conejos County,H1,,,2020
08023,CO,Costilla County,H1,,,2020
08025,CO,Crowley County,H1,,,2020
08027,CO,Custer County,H1,,,2020
08029,CO,Delta County,H1,,,2020
08031,CO,Denver County,H6,,,2020
08033,CO,Dolores County,H1,,,2020
08035,CO,Douglas County,H1,,,2020
08037,CO,Eagle County,H1,,,2020
08039,CO,Elbert County,H1,,,2020
08041,CO,El Paso County,H1,,,2020
08043,CO,Fremont County,H1,,,2020
08045,CO,Garfield County,H1,,,2020
08047,CO,Gilpin County,H1,,,2020
08049,CO,Grand County,H1,,,2020
08051,CO,Gunnison County,H1,,,2020
08053,CO,Hinsdale County,H1,,,2020
08055,CO,Huerfano County,H1,,,2020
08057,CO,Jackson County,H1,,,2020
08059,CO,Jefferson County,H1,,,2020
08061,CO,Kiowa County,H1,,,2020
08063,CO,Kit Carson County,H1,,,2020
08065,CO,Lake County,H1,,,2020
08067,CO,La Plata County,H1,,,2020
08069,CO,Larimer County,H1,,,2020
08071,CO,Las Animas County,H1,,,2020
08073,CO,Lincoln County,H1,,,2020
08075,CO,Logan County,H1,,,2020
08077,CO,Mesa County,H1,,,2020
08079,CO,Mineral County,H1,,,2020
08081,CO,Moffat County,H1,,,2020
08083,CO,Montezuma County,H1,,,2020
08085,CO,Montrose County,H1,,,2020
08087,CO,Morgan County,H1,,,2020
08089,CO,Otero County,H1,,,2020
08091,CO,Ouray County,H1,,,2020
08093,CO,Park County,H1,,,2020
08095,CO,Phillips County,H1,,,2020
08097,CO,Pitkin County,H1,,,2020
08099,CO,Prowers County,H1,,,2020
08101,CO,Pueblo County,H1,,,2020
08103,CO,Rio Blanco County,H1,,,2020
08105,CO,Rio Grande County,H1,,,2020
08107,CO,Routt County,H1,,,2020
08109,CO,Saguache County,H1,,,2020
08111,CO,San Juan County,H1,,,2020
08113,CO,San Miguel County,H1,,,2020
08115,CO,Sedgwick County,H1,,,2020
08117,CO,Summit County,H1,,,2020
08119,CO,Teller County,H1,,,2020
08121,CO,Washington County,H1,,,2020
08123,CO,Weld County,H1,,,2020
08125,CO,Yuma County,H1,,,2020
09001,CT,Fairfield County,H4,,2022-06-06,2020
09003,CT,Hartford County,H4,,2022-06-06,2020
09005,CT,Litchfield County,H4,,2022-06-06,2020
09007,CT,Middlesex County,H4,,2022-06-06,2020
09009,CT,New Haven County,H4,,2022-06-06,2020
09011,CT,New London County,H4,,2022-06-06,2020
09013,CT,Tolland County,H4,,2022-06-06,2020
09015,CT,Windham County,H4,,2022-06-06,2020
09110,CT,Capitol Planning Region,,2022-06-06,,2023
09120,CT,Greater Bridgeport Planning Region,,2022-06-06,,2023
09130,CT,Lower Connecticut River Valley Planning Region,,2022-06-06,,2023
09140,CT,Naugatuck Valley Planning Region,,2022-06-06,,2023
09150,CT,Northeastern Connecticut Planning Region,,2022-06-06,,2023
09160,CT,Northwest Hills Planning Region,,2022-06-06,,2023
09170,CT,South Central Connecticut Planning Region,,2022-06-06,,2023
09180,CT,Southeastern Connecticut Planning Region,,2022-06-06,,2023
09190,CT,Western Connecticut Planning Region,,2022-06-06,,2023
10001,DE,Kent County,H1,,,2020
10003,DE,New Castle County,H1,,,2020
10005,DE,Sussex County,H1,,,2020
11001,DC,District of Columbia,H6,,,2020
12001,FL,Alachua County,H1,,,2020
12003,FL,Baker County,H1,,,2020
12005,FL,Bay County,H1,,,2020
12007,FL,Bradford County,H1,,,2020
12009,FL,Brevard County,H1,,,2020
12011,FL,Broward County,H1,,,2020
12013,FL,Calhoun County,H1,,,2020
12015,FL,Charlotte County,H1,,,2020
12017,FL,Citrus County,H1,,,2020
12019,FL,Clay County,H1,,,2020
12021,FL,Collier County,H1,,,2020
12023,FL,Columbia County,H1,,,2020
12025,FL,Dade County,,,1997-07-22,census_county_changes
12027,FL,DeSoto County,H1,,,2020
12029,FL,Dixie County,H1,,,2020
12031,FL,Duval County,H6,,,2020
12033,FL,Escambia County,H1,,,2020
12035,FL,Flagler County,H1,,,2020
12037,FL,Franklin County,H1,,,2020
12039,FL,Gadsden County,H1,,,2020
12041,FL,Gilchrist County,H1,,,2020
12043,FL,Glades County,H1,,,2020
12045,FL,Gulf County,H1,,,2020
12047,FL,Hamilton County,H1,,,2020
12049,FL,Hardee County,H1,,,2020
12051,FL,Hendry County,H1,,,2020
12053,FL,Hernando County,H1,,,2020
12055,FL,Highlands County,H1,,,2020
12057,FL,Hillsborough County,H1,,,2020
12059,FL,Holmes County,H1,,,2020
12061,FL,Indian River County,H1,,,2020
12063,FL,Jackson County,H1,,,2020
12065,FL,Jefferson County,H1,,,2020
12067,FL,Lafayette County,H1,,,2020
12069,FL,Lake County,H1,,,2020
12071,FL,Lee County,H1,,,2020
12073,FL,Leon County,H1,,,2020
12075,FL,Levy County,H1,,,2020
12077,FL,Liberty County,H1,,,2020
12079,FL,Madison County,H1,,,2020
12081,FL,Manatee County,H1,,,2020
12083,FL,Marion County,H1,,,2020
12085,FL,Martin County,H1,,,2020
12086,FL,Miami-Dade County,H1,1997-07-22,,2020
12087,FL,Monroe County,H1,,,2020
12089,FL,Nassau County,H1,,,2020
12091,FL,Okaloosa County,H1,,,2020
12093,FL,Okeechobee County,H1,,,2020
12095,FL,Orange County,H1,,,2020
12097,FL,Osceola County,H1,,,2020
12099,FL,Palm Beach County,H1,,,2020
12101,FL,Pasco County,H1,,,2020
12103,FL,Pinellas County,H1,,,2020
12105,FL,Polk County,H1,,,2020
12107,FL,Putnam County,H1,,,2020
12109,FL,St. Johns County,H1,,,2020
12111,FL,St. Lucie County,H1,,,2020
12113,FL,Santa Rosa County,H1,,,2020
12115,FL,Sarasota County,H1,,,2020
12117,FL,Seminole County,H1,,,2020
12119,FL,Sumter County,H1,,,2020
12121,FL,Suwannee County,H1,,,2020
12123,FL,Taylor County,H1,,,2020
12125,FL,Union County,H1,,,2020
12127,FL,Volusia County,H1,,,2020
12129,FL,Wakulla County,H1,,,2020
12131,FL,Walton County,H1,,,2020
12133,FL,Washington County,H1,,,2020
13001,GA,Appling County,H1,,,2020
13003,GA,Atkinson County,H1,,,2020
13005,GA,Bacon County,H1,,,2020
13007,GA,Baker County,H1,,,2020
13009,GA,Baldwin County,H1,,,2020
13011,GA,Banks County,H1,,,2020
13013,GA,Barrow County,H1,,,2020
13015,GA,Bartow County,H1,,,2020
13017,GA,Ben Hill County,H1,,,2020
13019,GA,Berrien County,H1,,,2020
13021,GA,Bibb County,H6,,,2020
13023,GA,Bleckley County,H1,,,2020
13025,GA,Brantley County,H1,,,2020
13027,GA,Brooks County,H1,,,2020
13029,GA,Bryan County,H1,,,2020
13031,GA,Bulloch County,H1,,,2020
13033,GA,Burke County,H1,,,2020
13035,GA,Butts County,H1,,,2020
13037,GA,Calhoun County,H1,,,2020
13039,GA,Camden County,H1,,,2020
13043,GA,Candler County,H1,,,2020
13045,GA,Carroll County,H1,,,2020
13047,GA,Catoosa County,H1,,,2020
13049,GA,Charlton County,H1,,,2020
13051,GA,Chatham County,H1,,,2020
13053,GA,Chattahoochee County,H6,,,2020
13055,GA,Chattooga County,H1,,,2020
13057,GA,Cherokee County,H1,,,2020
13059,GA,Clarke County,H6,,,2020
13061,GA,Clay County,H1,,,2020
13063,GA,Clayton County,H1,,,2020
13065,GA,Clinch County,H1,,,2020
13067,GA,Cobb County,H1,,,2020
13069,GA,Coffee County,H1,,,2020
13071,GA,Colquitt County,H1,,,2020
13073,GA,Columbia County,H1,,,2020
13075,GA,Cook County,H1,,,2020
13077,GA,Coweta County,H1,,,2020
13079,GA,Crawford County,H1,,,2020
13081,GA,Crisp County,H1,,,2020
13083,GA,Dade County,H1,,,2020
13085,GA,Dawson County,H1,,,2020
13087,GA,Decatur County,H1,,,2020
13089,GA,DeKalb County,H1,,,2020
13091,GA,Dodge County,H1,,,2020
13093,GA,Dooly County,H1,,,2020
13095,GA,Dougherty County,H1,,,2020
13097,GA,Douglas County,H1,,,2020
13099,GA,Early County,H1,,,2020
13101,GA,Echols County,H6,,,2020
13103,GA,Effingham County,H1,,,2020
13105,GA,Elbert County,H1,,,2020
13107,GA,Emanuel County,H1,,,2020
13109,GA,Evans County,H1,,,2020
13111,GA,Fannin County,H1,,,2020
13113,GA,Fayette County,H1,,,2020
13115,GA,Floyd County,H1,,,2020
13117,GA,Forsyth County,H1,,,2020
13119,GA,Franklin County,H1,,,2020
13121,GA,Fulton County,H1,,,2020
13123,GA,Gilmer County,H1,,,2020
13125,GA,Glascock County,H1,,,2020
13127,GA,Glynn County,H1,,,2020
13129,GA,Gordon County,H1,,,2020
13131,GA,Grady County,H1,,,2020
13133,GA,Greene County,H1,,,2020
13135,GA,Gwinnett County,H1,,,2020
13137,GA,Habersham County,H1,,,2020
13139,GA,Hall County,H1,,,2020
13141,GA,Hancock County,H1,,,2020
13143,GA,Haralson County,H1,,,2020
13145,GA,Harris County,H1,,,2020
13147,GA,Hart County,H1,,,2020
13149,GA,Heard County,H1,,,2020
13151,GA,Henry County,H1,,,2020
13153,GA,Houston County,H1,,,2020
13155,GA,Irwin County,H1,,,2020
13157,GA,Jackson County,H1,,,2020
13159,GA,Jasper County,H1,,,2020
13161,GA,Jeff Davis County,H1,,,2020
13163,GA,Jefferson County,H1,,,2020
13165,GA,Jenkins County,H1,,,2020
13167,GA,Johnson County,H1,,,2020
13169,GA,Jones County,H1,,,2020
13171,GA,Lamar County,H1,,,2020
13173,GA,Lanier County,H1,,,2020
13175,GA,Laurens County,H1,,,2020
13177,GA,Lee County,H1,,,2020
13179,GA,Liberty County,H1,,,2020
13181,GA,Lincoln County,H1,,,2020
13183,GA,Long County,H1,,,2020
13185,GA,Lowndes County,H1,,,2020
13187,GA,Lumpkin County,H1,,,2020
13189,GA,McDuffie County,H1,,,2020
13191,GA,McIntosh County,H1,,,2020
13193,GA,Macon County,H1,,,2020
13195,GA,Madison County,H1,,,2020
13197,GA,Marion County,H1,,,2020
13199,GA,Meriwether County,H1,,,2020
13201,GA,Miller County,H1,,,2020
13205,GA,Mitchell County,H1,,,2020
13207,GA,Monroe County,H1,,,2020
13209,GA,Montgomery County,H1,,,2020
13211,GA,Morgan County,H1,,,2020
13213,GA,Murray County,H1,,,2020
13215,GA,Muscogee County,H6,,,2020
13217,GA,Newton County,H1,,,2020
13219,GA,Oconee County,H1,,,2020
13221,GA,Oglethorpe County,H1,,,2020
13223,GA,Paulding County,H1,,,2020
13225,GA,Peach County,H1,,,2020
13227,GA,Pickens County,H1,,,2020
13229,GA,Pierce County,H1,,,2020
13231,GA,Pike County,H1,,,2020
13233,GA,Polk County,H1,,,2020
13235,GA,Pulaski County,H1,,,2020
13237,GA,Putnam County,H1,,,2020
13239,GA,Quitman County,H6,,,2020
13241,GA,Rabun County,H1,,,2020
13243,GA,Randolph County,H1,,,2020
13245,GA,Richmond County,H6,,,2020
13247,GA,Rockdale County,H1,,,2020
13249,GA,Schley County,H1,,,2020
13251,GA,Screven County,H1,,,2020
13253,GA,Seminole County,H1,,,2020
13255,GA,Spalding County,H1,,,2020
13257,GA,Stephens County,H1,,,2020
13259,GA,Stewart County,H1,,,2020
13261,GA,Sumter County,H1,,,2020
13263,GA,Talbot County,H1,,,2020
13265,GA,Taliaferro County,H1,,,2020
13267,GA,Tattnall County,H1,,,2020
13269,GA,Taylor County,H1,,,2020
13271,GA,Telfair County,H1,,,2020
13273,GA,Terrell County,H1,,,2020
13275,GA,Thomas County,H1,,,2020
13277,GA,Tift County,H1,,,2020
13279,GA,Toombs County,H1,,,2020
13281,GA,Towns County,H1,,,2020
13283,GA,Treutlen County,H1,,,2020
13285,GA,Troup County,H1,,,2020
13287,GA,Turner County,H1,,,2020
13289,GA,Twiggs County,H1,,,2020
13291,GA,Union County,H1,,,2020
13293,GA,Upson County,H1,,,2020
13295,GA,Walker County,H1,,,2020
13297,GA,Walton County,H1,,,2020
13299,GA,Ware County,H1,,,2020
13301,GA,Warren County,H1,,,2020
13303,GA,Washington County,H1,,,2020
13305,GA,Wayne County,H1,,,2020
13307,GA,Webster County,H6,,,2020
13309,GA,Wheeler County,H1,,,2020
13311,GA,White County,H1,,,2020
13313,GA,Whitfield County,H1,,,2020
13315,GA,Wilcox County,H1,,,2020
13317,GA,Wilkes County,H1,,,2020
13319,GA,Wilkinson County,H1,,,2020
13321,GA,Worth County,H1,,,2020
15001,HI,Hawaii County,H1,,,2020
15003,HI,Honolulu County,H6,,,2020
15005,HI,Kalawao County,H4,,,2020
15007,HI,Kauai County,H1,,,2020
15009,HI,Maui County,H1,,,2020
16001,ID,Ada County,H1,,,2020
16003,ID,Adams County,H1,,,2020
16005,ID,Bannock County,H1,,,2020
16007,ID,Bear Lake County,H1,,,2020
16009,ID,Benewah County,H1,,,2020
16011,ID,Bingham County,H1,,,2020
16013,ID,Blaine County,H1,,,2020
16015,ID,Boise County,H1,,,2020
16017,ID,Bonner County,H1,,,2020
16019,ID,Bonneville County,H1,,,2020
16021,ID,Boundary County,H1,,,2020
16023,ID,Butte County,H1,,,2020
16025,ID,Camas County,H1,,,2020
16027,ID,Canyon County,H1,,,2020
16029,ID,Caribou County,H1,,,2020
16031,ID,Cassia County,H1,,,2020
16033,ID,Clark County,H1,,,2020
16035,ID,Clearwater County,H1,,,2020
16037,ID,Custer County,H1,,,2020
16039,ID,Elmore County,H1,,,2020
16041,ID,Franklin County,H1,,,2020
16043,ID,Fremont County,H1,,,2020
16045,ID,Gem County,H1,,,2020
16047,ID,Gooding County,H1,,,2020
16049,ID,Idaho County,H1,,,2020
16051,ID,Jefferson County,H1,,,2020
16053,ID,Jerome County,H1,,,2020
16055,ID,Kootenai County,H1,,,2020
16057,ID,Latah County,H1,,,2020
16059,ID,Lemhi County,H1,,,2020
16061,ID,Lewis County,H1,,,2020
16063,ID,Lincoln County,H1,,,2020
16065,ID,Madison County,H1,,,2020
16067,ID,Minidoka County,H1,,,2020
16069,ID,Nez Perce County,H1,,,2020
16071,ID,Oneida County,H1,,,2020
16073,ID,Owyhee County,H1,,,2020
16075,ID,Payette County,H1,,,2020
16077,ID,Power County,H1,,,2020
16079,ID,Shoshone County,H1,,,2020
16081,ID,Teton County,H1,,,2020
16083,ID,Twin Falls County,H1,,,2020
16085,ID,Valley County,H1,,,2020
16087,ID,Washington County,H1,,,2020
17001,IL,Adams County,H1,,,2020
17003,IL,Alexander County,H1,,,2020
17005,IL,Bond County,H1,,,2020
17007,IL,Boone County,H1,,,2020
17009,IL,Brown County,H1,,,2020
17011,IL,Bureau County,H1,,,2020
17013,IL,Calhoun County,H1,,,2020
17015,IL,Carroll County,H1,,,2020
17017,IL,Cass County,H1,,,2020
17019,IL,Champaign County,H1,,,2020
17021,IL,Christian County,H1,,,2020
17023,IL,Clark County,H1,,,2020
17025,IL,Clay County,H1,,,2020
17027,IL,Clinton County,H1,,,2020
17029,IL,Coles County,H1,,,2020
17031,IL,Cook County,H1,,,2020
17033,IL,Crawford County,H1,,,2020
17035,IL,Cumberland County,H1,,,2020
17037,IL,DeKalb County,H1,,,2020
17039,IL,De Witt County,H1,,,2020
17041,IL,Douglas County,H1,,,2020
17043,IL,DuPage County,H1,,,2020
17045,IL,Edgar County,H1,,,2020
17047,IL,Edwards County,H1,,,2020
17049,IL,Effingham County,H1,,,2020
17051,IL,Fayette County,H1,,,2020
17053,IL,Ford County,H1,,,2020
17055,IL,Franklin County,H1,,,2020
17057,IL,Fulton County,H1,,,2020
17059,IL,Gallatin County,H1,,,2020
17061,IL,Greene County,H1,,,2020
17063,IL,Grundy County,H1,,,2020
17065,IL,Hamilton County,H1,,,2020
17067,IL,Hancock County,H1,,,2020
17069,IL,Hardin County,H1,,,2020
17071,IL,Henderson County,H1,,,2020
17073,IL,Henry County,H1,,,2020
17075,IL,Iroquois County,H1,,,2020
17077,IL,Jackson County,H1,,,2020
17079,IL,Jasper County,H1,,,2020
17081,IL,Jefferson County,H1,,,2020
17083,IL,Jersey County,H1,,,2020
17085,IL,Jo Daviess County,H1,,,2020
17087,IL,Johnson County,H1,,,2020
17089,IL,Kane County,H1,,,2020
17091,IL,Kankakee County,H1,,,2020
17093,IL,Kendall County,H1,,,2020
17095,IL,Knox County,H1,,,2020
17097,IL,Lake County,H1,,,2020
17099,IL,LaSalle County,H1,,,2020
17101,IL,Lawrence County,H1,,,2020
17103,IL,Lee County,H1,,,2020
17105,IL,Livingston County,H1,,,2020
17107,IL,Logan County,H1,,,2020
17109,IL,McDonough County,H1,,,2020
17111,IL,McHenry County,H1,,,2020
17113,IL,McLean County,H1,,,2020
17115,IL,Macon County,H1,,,2020
17117,IL,Macoupin County,H1,,,2020
17119,IL,Madison County,H1,,,2020
17121,IL,Marion County,H1,,,2020
17123,IL,Marshall County,H1,,,2020
17125,IL,Mason County,H1,,,2020
17127,IL,Massac County,H1,,,2020
17129,IL,Menard County,H1,,,2020
17131,IL,Mercer County,H1,,,2020
17133,IL,Monroe County,H1,,,2020
17135,IL,Montgomery County,H1,,,2020
17137,IL,Morgan County,H1,,,2020
17139,IL,Moultrie County,H1,,,2020
17141,IL,Ogle County,H1,,,2020
17143,IL,Peoria County,H1,,,2020
17145,IL,Perry County,H1,,,2020
17147,IL,Piatt County,H1,,,2020
17149,IL,Pike County,H1,,,2020
17151,IL,Pope County,H1,,,2020
17153,IL,Pulaski County,H1,,,2020
17155,IL,Putnam County,H1,,,2020
17157,IL,Randolph County,H1,,,2020
17159,IL,Richland County,H1,,,2020
17161,IL,Rock Island County,H1,,,2020
17163,IL,St. Clair County,H1,,,2020
17165,IL,Saline County,H1,,,2020
17167,IL,Sangamon County,H1,,,2020
17169,IL,Schuyler County,H1,,,2020
17171,IL,Scott County,H1,,,2020
17173,IL,Shelby County,H1,,,2020
17175,IL,Stark County,H1,,,2020
17177,IL,Stephenson County,H1,,,2020
17179,IL,Tazewell County,H1,,,2020
17181,IL,Union County,H1,,,2020
17183,IL,Vermilion County,H1,,,2020
17185,IL,Wabash County,H1,,,2020
17187,IL,Warren County,H1,,,2020
17189,IL,Washington County,H1,,,2020
17191,IL,Wayne County,H1,,,2020
17193,IL,White County,H1,,,2020
17195,IL,Whiteside County,H1,,,2020
17197,IL,Will County,H1,,,2020
17199,IL,Williamson County,H1,,,2020
17201,IL,Winnebago County,H1,,,2020
17203,IL,Woodford County,H1,,,2020
18001,IN,Adams County,H1,,,2020
18003,IN,Allen County,H1,,,2020
18005,IN,Bartholomew County,H1,,,2020
18007,IN,Benton County,H1,,,2020
18009,IN,Blackford County,H1,,,2020
18011,IN,Boone County,H1,,,2020
18013,IN,Brown County,H1,,,2020
18015,IN,Carroll County,H1,,,2020
18017,IN,Cass County,H1,,,2020
18019,IN,Clark County,H1,,,2020
18021,IN,Clay County,H1,,,2020
18023,IN,Clinton County,H1,,,2020
18025,IN,Crawford County,H1,,,2020
18027,IN,Daviess County,H1,,,2020
18029,IN,Dearborn County,H1,,,2020
18031,IN,Decatur County,H1,,,2020
18033,IN,DeKalb County,H1,,,2020
18035,IN,Delaware County,H1,,,2020
18037,IN,Dubois County,H1,,,2020
18039,IN,Elkhart County,H1,,,2020
18041,IN,Fayette County,H1,,,2020
18043,IN,Floyd County,H1,,,2020
18045,IN,Fountain County,H1,,,2020
18047,IN,Franklin County,H1,,,2020
18049,IN,Fulton County,H1,,,2020
18051,IN,Gibson County,H1,,,2020
18053,IN,Grant County,H1,,,2020
18055,IN,Greene County,H1,,,2020
18057,IN,Hamilton County,H1,,,2020
18059,IN,Hancock County,H1,,,2020
18061,IN,Harrison County,H1,,,2020
18063,IN,Hendricks County,H1,,,2020
18065,IN,Henry County,H1,,,2020
18067,IN,Howard County,H1,,,2020
18069,IN,Huntington County,H1,,,2020
18071,IN,Jackson County,H1,,,2020
18073,IN,Jasper County,H1,,,2020
18075,IN,Jay County,H1,,,2020
18077,IN,Jefferson County,H1,,,2020
18079,IN,Jennings County,H1,,,2020
18081,IN,Johnson County,H1,,,2020
18083,IN,Knox County,H1,,,2020
18085,IN,Kosciusko County,H1,,,2020
18087,IN,LaGrange County,H1,,,2020
18089,IN,Lake County,H1,,,2020
18091,IN,LaPorte County,H1,,,2020
18093,IN,Lawrence County,H1,,,2020
18095,IN,Madison County,H1,,,2020
18097,IN,Marion County,H6,,,2020
18099,IN,Marshall County,H1,,,2020
18101,IN,Martin County,H1,,,2020
18103,IN,Miami County,H1,,,2020
18105,IN,Monroe County,H1,,,2020
18107,IN,Montgomery County,H1,,,2020
18109,IN,Morgan County,H1,,,2020
18111,IN,Newton County,H1,,,2020
18113,IN,Noble County,H1,,,2020
18115,IN,Ohio County,H1,,,2020
18117,IN,Orange County,H1,,,2020
18119,IN,Owen County,H1,,,2020
18121,IN,Parke County,H1,,,2020
18123,IN,Perry County,H1,,,2020
18125,IN,Pike County,H1,,,2020
18127,IN,Porter County,H1,,,2020
18129,IN,Posey County,H1,,,2020
18131,IN,Pulaski County,H1,,,2020
18133,IN,Putnam County,H1,,,2020
18135,IN,Randolph County,H1,,,2020
18137,IN,Ripley County,H1,,,2020
18139,IN,Rush County,H1,,,2020
18141,IN,St. Joseph County,H1,,,2020
18143,IN,Scott County,H1,,,2020
18145,IN,Shelby County,H1,,,2020
18147,IN,Spencer County,H1,,,2020
18149,IN,Starke County,H1,,,2020
18151,IN,Steuben County,H1,,,2020
18153,IN,Sullivan County,H1,,,2020
18155,IN,Switzerland County,H1,,,2020
18157,IN,Tippecanoe County,H1,,,2020
18159,IN,Tipton County,H1,,,2020
18161,IN,Union County,H1,,,2020
18163,IN,Vanderburgh County,H1,,,2020
18165,IN,Vermillion County,H1,,,2020
18167,IN,Vigo County,H1,,,2020
18169,IN,Wabash County,H1,,,2020
18171,IN,Warren County,H1,,,2020
18173,IN,Warrick County,H1,,,2020
18175,IN,Washington County,H1,,,2020
18177,IN,Wayne County,H1,,,2020
18179,IN,Wells County,H1,,,2020
18181,IN,White County,H1,,,2020
18183,IN,Whitley County,H1,,,2020
19001,IA,Adair County,H1,,,2020
19003,IA,Adams County,H1,,,2020
19005,IA,Allamakee County,H1,,,2020
19007,IA,Appanoose County,H1,,,2020
19009,IA,Audubon County,H1,,,2020
19011,IA,Benton County,H1,,,2020
19013,IA,Black Hawk County,H1,,,2020
19015,IA,Boone County,H1,,,2020
19017,IA,Bremer County,H1,,,2020
19019,IA,Buchanan County,H1,,,2020
19021,IA,Buena Vista County,H1,,,2020
19023,IA,Butler County,H1,,,2020
19025,IA,Calhoun County,H1,,,2020
19027,IA,Carroll County,H1,,,2020
19029,IA,Cass County,H1,,,2020
19031,IA,Cedar County,H1,,,2020
19033,IA,Cerro Gordo County,H1,,,2020
19035,IA,Cherokee County,H1,,,2020
19037,IA,Chickasaw County,H1,,,2020
19039,IA,Clarke County,H1,,,2020
19041,IA,Clay County,H1,,,2020
19043,IA,Clayton County,H1,,,2020
19045,IA,Clinton County,H1,,,2020
19047,IA,Crawford County,H1,,,2020
19049,IA,Dallas County,H1,,,2020
19051,IA,Davis County,H1,,,2020
19053,IA,Decatur County,H1,,,2020
19055,IA,Delaware County,H1,,,2020
19057,IA,Des Moines County,H1,,,2020
19059,IA,Dickinson County,H1,,,2020
19061,IA,Dubuque County,H1,,,2020
19063,IA,Emmet County,H1,,,2020
19065,IA,Fayette County,H1,,,2020
19067,IA,Floyd County,H1,,,2020
19069,IA,Franklin County,H1,,,2020
19071,IA,Fremont County,H1,,,2020
19073,IA,Greene County,H1,,,2020
19075,IA,Grundy County,H1,,,2020
19077,IA,Guthrie County,H1,,,2020
19079,IA,Hamilton County,H1,,,2020
19081,IA,Hancock County,H1,,,2020
19083,IA,Hardin County,H1,,,2020
19085,IA,Harrison County,H1,,,2020
19087,IA,Henry County,H1,,,2020
19089,IA,Howard County,H1,,,2020
19091,IA,Humboldt County,H1,,,2020
19093,IA,Ida County,H1,,,2020
19095,IA,Iowa County,H1,,,2020
19097,IA,Jackson County,H1,,,2020
19099,IA,Jasper County,H1,,,2020
19101,IA,Jefferson County,H1,,,2020
19103,IA,Johnson County,H1,,,2020
19105,IA,Jones County,H1,,,2020
19107,IA,Keokuk County,H1,,,2020
19109,IA,Kossuth County,H1,,,2020
19111,IA,Lee County,H1,,,2020
19113,IA,Linn County,H1,,,2020
19115,IA,Louisa County,H1,,,2020
19117,IA,Lucas County,H1,,,2020
19119,IA,Lyon County,H1,,,2020
19121,IA,Madison County,H1,,,2020
19123,IA,Mahaska County,H1,,,2020
19125,IA,Marion County,H1,,,2020
19127,IA,Marshall County,H1,,,2020
19129,IA,Mills County,H1,,,2020
19131,IA,Mitchell County,H1,,,2020
19133,IA,Monona County,H1,,,2020
19135,IA,Monroe County,H1,,,2020
19137,IA,Montgomery County,H1,,,2020
19139,IA,Muscatine County,H1,,,2020
19141,IA,O'Brien County,H1,,,2020
19143,IA,Osceola County,H1,,,2020
19145,IA,Page County,H1,,,2020
19147,IA,Palo Alto County,H1,,,2020
19149,IA,Plymouth County,H1,,,2020
19151,IA,Pocahontas County,H1,,,2020
19153,IA,Polk County,H1,,,2020
19155,IA,Pottawattamie County,H1,,,2020
19157,IA,Poweshiek County,H1,,,2020
19159,IA,Ringgold County,H1,,,2020
19161,IA,Sac County,H1,,,2020
19163,IA,Scott County,H1,,,2020
19165,IA,Shelby County,H1,,,2020
19167,IA,Sioux County,H1,,,2020
19169,IA,Story County,H1,,,2020
19171,IA,Tama County,H1,,,2020
19173,IA,Taylor County,H1,,,2020
19175,IA,Union County,H1,,,2020
19177,IA,Van Buren County,H1,,,2020
19179,IA,Wapello County,H1,,,2020
19181,IA,Warren County,H1,,,2020
19183,IA,Washington County,H1,,,2020
19185,IA,Wayne County,H1,,,2020
19187,IA,Webster County,H1,,,2020
19189,IA,Winnebago County,H1,,,2020
19191,IA,Winneshiek County,H1,,,2020
19193,IA,Woodbury County,H1,,,2020
19195,IA,Worth County,H1,,,2020
19197,IA,Wright County,H1,,,2020
20001,KS,Allen County,H1,,,2020
20003,KS,Anderson County,H1,,,2020
20005,KS,Atchison County,H1,,,2020
20007,KS,Barber County,H1,,,2020
20009,KS,Barton County,H1,,,2020
20011,KS,Bourbon County,H1,,,2020
20013,KS,Brown County,H1,,,2020
20015,KS,Butler County,H1,,,2020
20017,KS,Chase County,H1,,,2020
20019,KS,Chautauqua County,H1,,,2020
20021,KS,Cherokee County,H1,,,2020
20023,KS,Cheyenne County,H1,,,2020
20025,KS,Clark County,H1,,,2020
20027,KS,Clay County,H1,,,2020
20029,KS,Cloud County,H1,,,2020
20031,KS,Coffey County,H1,,,2020
20033,KS,Comanche County,H1,,,2020
20035,KS,Cowley County,H1,,,2020
20037,KS,Crawford County,H1,,,2020
20039,KS,Decatur County,H1,,,2020
20041,KS,Dickinson County,H1,,,2020
20043,KS,Doniphan County,H1,,,2020
20045,KS,Douglas County,H1,,,2020
20047,KS,Edwards County,H1,,,2020
20049,KS,Elk County,H1,,,2020
20051,KS,Ellis County,H1,,,2020
20053,KS,Ellsworth County,H1,,,2020
20055,KS,Finney County,H1,,,2020
20057,KS,Ford County,H1,,,2020
20059,KS,Franklin County,H1,,,2020
20061,KS,Geary County,H1,,,2020
20063,KS,Gove County,H1,,,2020
20065,KS,Graham County,H1,,,2020
20067,KS,Grant County,H1,,,2020
20069,KS,Gray County,H1,,,2020
20071,KS,Greeley County,H6,,,2020
20073,KS,Greenwood County,H1,,,2020
20075,KS,Hamilton County,H1,,,2020
20077,KS,Harper County,H1,,,2020
20079,KS,Harvey County,H1,,,2020
20081,KS,Haskell County,H1,,,2020
20083,KS,Hodgeman County,H1,,,2020
20085,KS,Jackson County,H1,,,2020
20087,KS,Jefferson County,H1,,,2020
20089,KS,Jewell County,H1,,,2020
20091,KS,Johnson County,H1,,,2020
20093,KS,Kearny County,H1,,,2020
20095,KS,Kingman County,H1,,,2020
20097,KS,Kiowa County,H1,,,2020
20099,KS,Labette County,H1,,,2020
20101,KS,Lane County,H1,,,2020
20103,KS,Leavenworth County,H1,,,2020
20105,KS,Lincoln County,H1,,,2020
20107,KS,Linn County,H1,,,2020
20109,KS,Logan County,H1,,,2020
20111,KS,Lyon County,H1,,,2020
20113,KS,McPherson County,H1,,,2020
20115,KS,Marion County,H1,,,2020
20117,KS,Marshall County,H1,,,2020
20119,KS,Meade County,H1,,,2020
20121,KS,Miami County,H1,,,2020
20123,KS,Mitchell County,H1,,,2020
20125,KS,Montgomery County,H1,,,2020
20127,KS,Morris County,H1,,,2020
20129,KS,Morton County,H1,,,2020
20131,KS,Nemaha County,H1,,,2020
20133,KS,Neosho County,H1,,,2020
20135,KS,Ness County,H1,,,2020
20137,KS,Norton County,H1,,,2020
20139,KS,Osage County,H1,,,2020
20141,KS,Osborne County,H1,,,2020
20143,KS,Ottawa County,H1,,,2020
20145,KS,Pawnee County,H1,,,2020
20147,KS,Phillips County,H1,,,2020
20149,KS,Pottawatomie County,H1,,,2020
20151,KS,Pratt County,H1,,,2020
20153,KS,Rawlins County,H1,,,2020
20155,KS,Reno County,H1,,,2020
20157,KS,Republic County,H1,,,2020
20159,KS,Rice County,H1,,,2020
20161,KS,Riley County,H1,,,2020
20163,KS,Rooks County,H1,,,2020
20165,KS,Rush County,H1,,,2020
20167,KS,Russell County,H1,,,2020
20169,KS,Saline County,H1,,,2020
20171,KS,Scott County,H1,,,2020
20173,KS,Sedgwick County,H1,,,2020
20175,KS,Seward County,H1,,,2020
20177,KS,Shawnee County,H1,,,2020
20179,KS,Sheridan County,H1,,,2020
20181,KS,Sherman County,H1,,,2020
20183,KS,Smith County,H1,,,2020
20185,KS,Stafford County,H1,,,2020
20187,KS,Stanton County,H1,,,2020
20189,KS,Stevens County,H1,,,2020
20191,KS,Sumner County,H1,,,2020
20193,KS,Thomas County,H1,,,2020
20195,KS,Trego County,H1,,,2020
20197,KS,Wabaunsee County,H1,,,2020
20199,KS,Wallace County,H1,,,2020
20201,KS,Washington County,H1,,,2020
20203,KS,Wichita County,H1,,,2020
20205,KS,Wilson County,H1,,,2020
20207,KS,Woodson County,H1,,,2020
20209,KS,Wyandotte County,H6,,,2020
21001,KY,Adair County,H1,,,2020
21003,KY,Allen County,H1,,,2020
21005,KY,Anderson County,H1,,,2020
21007,KY,Ballard County,H1,,,2020
21009,KY,Barren County,H1,,,2020
21011,KY,Bath County,H1,,,2020
21013,KY,Bell County,H1,,,2020
21015,KY,Boone County,H1,,,2020
21017,KY,Bourbon County,H1,,,2020
21019,KY,Boyd County,H1,,,2020
21021,KY,Boyle County,H1,,,2020
21023,KY,Bracken County,H1,,,2020
21025,KY,Breathitt County,H1,,,2020
21027,KY,Breckinridge County,H1,,,2020
21029,KY,Bullitt County,H1,,,2020
21031,KY,Butler County,H1,,,2020
21033,KY,Caldwell County,H1,,,2020
21035,KY,Calloway County,H1,,,2020
21037,KY,Campbell County,H1,,,2020
21039,KY,Carlisle County,H1,,,2020
21041,KY,Carroll County,H1,,,2020
21043,KY,Carter County,H1,,,2020
21045,KY,Casey County,H1,,,2020
21047,KY,Christian County,H1,,,2020
21049,KY,Clark County,H1,,,2020
21051,KY,Clay County,H1,,,2020
21053,KY,Clinton County,H1,,,2020
21055,KY,Crittenden County,H1,,,2020
21057,KY,Cumberland County,H1,,,2020
21059,KY,Daviess County,H1,,,2020
21061,KY,Edmonson County,H1,,,2020
21063,KY,Elliott County,H1,,,2020
21065,KY,Estill County,H1,,,2020
21067,KY,Fayette County,H6,,,2020
21069,KY,Fleming County,H1,,,2020
21071,KY,Floyd County,H1,,,2020
21073,KY,Franklin County,H1,,,2020
21075,KY,Fulton County,H1,,,2020
21077,KY,Gallatin County,H1,,,2020
21079,KY,Garrard County,H1,,,2020
21081,KY,Grant County,H1,,,2020
21083,KY,Graves County,H1,,,2020
21085,KY,Grayson County,H1,,,2020
21087,KY,Green County,H1,,,2020
21089,KY,Greenup County,H1,,,2020
21091,KY,Hancock County,H1,,,2020
21093,KY,Hardin County,H1,,,2020
21095,KY,Harlan County,H1,,,2020
21097,KY,Harrison County,H1,,,2020
21099,KY,Hart County,H1,,,2020
21101,KY,Henderson County,H1,,,2020
21103,KY,Henry County,H1,,,2020
21105,KY,Hickman County,H1,,,2020
21107,KY,Hopkins County,H1,,,2020
21109,KY,Jackson County,H1,,,2020
21111,KY,Jefferson County,H6,,,2020
21113,KY,Jessamine County,H1,,,2020
21115,KY,Johnson County,H1,,,2020
21117,KY,Kenton County,H1,,,2020
21119,KY,Knott County,H1,,,2020
21121,KY,Knox County,H1,,,2020
21123,KY,Larue County,H1,,,2020
21125,KY,Laurel County,H1,,,2020
21127,KY,Lawrence County,H1,,,2020
21129,KY,Lee County,H1,,,2020
21131,KY,Leslie County,H1,,,2020
21133,KY,Letcher County,H1,,,2020
21135,KY,Lewis County,H1,,,2020
21137,KY,Lincoln County,H1,,,2020
21139,KY,Livingston County,H1,,,2020
21141,KY,Logan County,H1,,,2020
21143,KY,Lyon County,H1,,,2020
21145,KY,McCracken County,H1,,,2020
21147,KY,McCreary County,H1,,,2020
21149,KY,McLean County,H1,,,2020
21151,KY,Madison County,H1,,,2020
21153,KY,Magoffin County,H1,,,2020
21155,KY,Marion County,H1,,,2020
21157,KY,Marshall County,H1,,,2020
21159,KY,Martin County,H1,,,2020
21161,KY,Mason County,H1,,,2020
21163,KY,Meade County,H1,,,2020
21165,KY,Menifee County,H1,,,2020
21167,KY,Mercer County,H1,,,2020
21169,KY,Metcalfe County,H1,,,2020
21171,KY,Monroe County,H1,,,2020
21173,KY,Montgomery County,H1,,,2020
21175,KY,Morgan County,H1,,,2020
21177,KY,Muhlenberg County,H1,,,2020
21179,KY,Nelson County,H1,,,2020
21181,KY,Nicholas County,H1,,,2020
21183,KY,Ohio County,H1,,,2020
21185,KY,Oldham County,H1,,,2020
21187,KY,Owen County,H1,,,2020
21189,KY,Owsley County,H1,,,2020
21191,KY,Pendleton County,H1,,,2020
21193,KY,Perry County,H1,,,2020
21195,KY,Pike County,H1,,,2020
21197,KY,Powell County,H1,,,2020
21199,KY,Pulaski County,H1,,,2020
21201,KY,Robertson County,H1,,,2020
21203,KY,Rockcastle County,H1,,,2020
21205,KY,Rowan County,H1,,,2020
21207,KY,Russell County,H1,,,2020
21209,KY,Scott County,H1,,,2020
21211,KY,Shelby County,H1,,,2020
21213,KY,Simpson County,H1,,,2020
21215,KY,Spencer County,H1,,,2020
21217,KY,Taylor County,H1,,,2020
21219,KY,Todd County,H1,,,2020
21221,KY,Trigg County,H1,,,2020
21223,KY,Trimble County,H1,,,2020
21225,KY,Union County,H1,,,2020
21227,KY,Warren County,H1,,,2020
21229,KY,Washington County,H1,,,2020
21231,KY,Wayne County,H1,,,2020
21233,KY,Webster County,H1,,,2020
21235,KY,Whitley County,H1,,,2020
21237,KY,Wolfe County,H1,,,2020
21239,KY,Woodford County,H1,,,2020
22001,LA,Acadia Parish,H1,,,2020
22003,LA,Allen Parish,H1,,,2020
22005,LA,Ascension Parish,H1,,,2020
22007,LA,Assumption Parish,H1,,,2020
22009,LA,Avoyelles Parish,H1,,,2020
22011,LA,Beauregard Parish,H1,,,2020
22013,LA,Bienville Parish,H1,,,2020
22015,LA,Bossier Parish,H1,,,2020
22017,LA,Caddo Parish,H1,,,2020
22019,LA,Calcasieu Parish,H1,,,2020
22021,LA,Caldwell Parish,H1,,,2020
22023,LA,Cameron Parish,H1,,,2020
22025,LA,Catahoula Parish,H1,,,2020
22027,LA,Claiborne Parish,H1,,,2020
22029,LA,Concordia Parish,H1,,,2020
22031,LA,De Soto Parish,H1,,,2020
22033,LA,East Baton Rouge Parish,H6,,,2020
22035,LA,East Carroll Parish,H1,,,2020
22037,LA,East Feliciana Parish,H1,,,2020
22039,LA,Evangeline Parish,H1,,,2020
22041,LA,Franklin Parish,H1,,,2020
22043,LA,Grant Parish,H1,,,2020
22045,LA,Iberia Parish,H1,,,2020
22047,LA,Iberville Parish,H1,,,2020
22049,LA,Jackson Parish,H1,,,2020
22051,LA,Jefferson Parish,H1,,,2020
22053,LA,Jefferson Davis Parish,H1,,,2020
22055,LA,Lafayette Parish,H6,,,2020
22057,LA,Lafourche Parish,H1,,,2020
22059,LA,LaSalle Parish,H1,,,2020
22061,LA,Lincoln Parish,H1,,,2020
22063,LA,Livingston Parish,H1,,,2020
22065,LA,Madison Parish,H1,,,2020
22067,LA,Morehouse Parish,H1,,,2020
22069,LA,Natchitoches Parish,H1,,,2020
22071,LA,Orleans Parish,H6,,,2020
22073,LA,Ouachita Parish,H1,,,2020
22075,LA,Plaquemines Parish,H1,,,2020
22077,LA,Pointe Coupee Parish,H1,,,2020
22079,LA,Rapides Parish,H1,,,2020
22081,LA,Red River Parish,H1,,,2020
22083,LA,Richland Parish,H1,,,2020
22085,LA,Sabine Parish,H1,,,2020
22087,LA,St. Bernard Parish,H1,,,2020
22089,LA,St. Charles Parish,H1,,,2020
22091,LA,St. Helena Parish,H1,,,2020
22093,LA,St. James Parish,H1,,,2020
22095,LA,St. John the Baptist Parish,H1,,,2020
22097,LA,St. Landry Parish,H1,,,2020
22099,LA,St. Martin Parish,H1,,,2020
22101,LA,St. Mary Parish,H1,,,2020
22103,LA,St. Tammany Parish,H1,,,2020
22105,LA,Tangipahoa Parish,H1,,,2020
22107,LA,Tensas Parish,H1,,,2020
22109,LA,Terrebonne Parish,H6,,,2020
22111,LA,Union Parish,H1,,,2020
22113,LA,Vermilion Parish,H1,,,2020
22115,LA,Vernon Parish,H1,,,2020
22117,LA,Washington Parish,H1,,,2020
22119,LA,Webster Parish,H1,,,2020
22121,LA,West Baton Rouge Parish,H1,,,2020
22123,LA,West Carroll Parish,H1,,,2020
22125,LA,West Feliciana Parish,H1,,,2020
22127,LA,Winn Parish,H1,,,2020
23001,ME,Androscoggin County,H1,,,2020
23003,ME,Aroostook County,H1,,,2020
23005,ME,Cumberland County,H1,,,2020
23007,ME,Franklin County,H1,,,2020
23009,ME,Hancock County,H1,,,2020
23011,ME,Kennebec County,H1,,,2020
23013,ME,Knox County,H1,,,2020
23015,ME,Lincoln County,H1,,,2020
23017,ME,Oxford County,H1,,,2020
23019,ME,Penobscot County,H1,,,2020
23021,ME,Piscataquis County,H1,,,2020
23023,ME,Sagadahoc County,H1,,,2020
23025,ME,Somerset County,H1,,,2020
23027,ME,Waldo County,H1,,,2020
23029,ME,Washington County,H1,,,2020
23031,ME,York County,H1,,,2020
24001,MD,Allegany County,H1,,,2020
24003,MD,Anne Arundel County,H1,,,2020
24005,MD,Baltimore County,H1,,,2020
24009,MD,Calvert County,H1,,,2020
24011,MD,Caroline County,H1,,,2020
24013,MD,Carroll County,H1,,,2020
24015,MD,Cecil County,H1,,,2020
24017,MD,Charles County,H1,,,2020
24019,MD,Dorchester County,H1,,,2020
24021,MD,Frederick County,H1,,,2020
24023,MD,Garrett County,H1,,,2020
24025,MD,Harford County,H1,,,2020
24027,MD,Howard County,H1,,,2020
24029,MD,Kent County,H1,,,2020
24031,MD,Montgomery County,H1,,,2020
24033,MD,Prince George's County,H1,,,2020
24035,MD,Queen Anne's County,H1,,,2020
24037,MD,St. Mary's County,H1,,,2020
24039,MD,Somerset County,H1,,,2020
24041,MD,Talbot County,H1,,,2020
24043,MD,Washington County,H1,,,2020
24045,MD,Wicomico County,H1,,,2020
24047,MD,Worcester County,H1,,,2020
24510,MD,Baltimore city,C7,,,2020
25001,MA,Barnstable County,H1,,,2020
25003,MA,Berkshire County,H4,,,2020
25005,MA,Bristol County,H1,,,2020
25007,MA,Dukes County,H1,,,2020
25009,MA,Essex County,H4,,,2020
25011,MA,Franklin County,H4,,,2020
25013,MA,Hampden County,H4,,,2020
25015,MA,Hampshire County,H4,,,2020
25017,MA,Middlesex County,H4,,,2020
25019,MA,Nantucket County,H4,,,2020
25021,MA,Norfolk County,H1,,,2020
25023,MA,Plymouth County,H1,,,2020
25025,MA,Suffolk County,H4,,,2020
25027,MA,Worcester County,H4,,,2020
26001,MI,Alcona County,H1,,,2020
26003,MI,Alger County,H1,,,2020
26005,MI,Allegan County,H1,,,2020
26007,MI,Alpena County,H1,,,2020
26009,MI,Antrim County,H1,,,2020
26011,MI,Arenac County,H1,,,2020
26013,MI,Baraga County,H1,,,2020
26015,MI,Barry County,H1,,,2020
26017,MI,Bay County,H1,,,2020
26019,MI,Benzie County,H1,,,2020
26021,MI,Berrien County,H1,,,2020
26023,MI,Branch County,H1,,,2020
26025,MI,Calhoun County,H1,,,2020
26027,MI,Cass County,H1,,,2020
26029,MI,Charlevoix County,H1,,,2020
26031,MI,Cheboygan County,H1,,,2020
26033,MI,Chippewa County,H1,,,2020
26035,MI,Clare County,H1,,,2020
26037,MI,Clinton County,H1,,,2020
26039,MI,Crawford County,H1,,,2020
26041,MI,Delta County,H1,,,2020
26043,MI,Dickinson County,H1,,,2020
26045,MI,Eaton County,H1,,,2020
26047,MI,Emmet County,H1,,,2020
26049,MI,Genesee County,H1,,,2020
26051,MI,Gladwin County,H1,,,2020
26053,MI,Gogebic County,H1,,,2020
26055,MI,Grand Traverse County,H1,,,2020
26057,MI,Gratiot County,H1,,,2020
26059,MI,Hillsdale County,H1,,,2020
26061,MI,Houghton County,H1,,,2020
26063,MI,Huron County,H1,,,2020
26065,MI,Ingham County,H1,,,2020
26067,MI,Ionia County,H1,,,2020
26069,MI,Iosco County,H1,,,2020
26071,MI,Iron County,H1,,,2020
26073,MI,Isabella County,H1,,,2020
26075,MI,Jackson County,H1,,,2020
26077,MI,Kalamazoo County,H1,,,2020
26079,MI,Kalkaska County,H1,,,2020
26081,MI,Kent County,H1,,,2020
26083,MI,Keweenaw County,H1,,,2020
26085,MI,Lake County,H1,,,2020
26087,MI,Lapeer County,H1,,,2020
26089,MI,Leelanau County,H1,,,2020
26091,MI,Lenawee County,H1,,,2020
26093,MI,Livingston County,H1,,,2020
26095,MI,Luce County,H1,,,2020
26097,MI,Mackinac County,H1,,,2020
26099,MI,Macomb County,H1,,,2020
26101,MI,Manistee County,H1,,,2020
26103,MI,Marquette County,H1,,,2020
26105,MI,Mason County,H1,,,2020
26107,MI,Mecosta County,H1,,,2020
26109,MI,Menominee County,H1,,,2020
26111,MI,Midland County,H1,,,2020
26113,MI,Missaukee County,H1,,,2020
26115,MI,Monroe County,H1,,,2020
26117,MI,Montcalm County,H1,,,2020
26119,MI,Montmorency County,H1,,,2020
26121,MI,Muskegon County,H1,,,2020
26123,MI,Newaygo County,H1,,,2020
26125,MI,Oakland County,H1,,,2020
26127,MI,Oceana County,H1,,,2020
26129,MI,Ogemaw County,H1,,,2020
26131,MI,Ontonagon County,H1,,,2020
26133,MI,Osceola County,H1,,,2020
26135,MI,Oscoda County,H1,,,2020
26137,MI,Otsego County,H1,,,2020
26139,MI,Ottawa County,H1,,,2020
26141,MI,Presque Isle County,H1,,,2020
26143,MI,Roscommon County,H1,,,2020
26145,MI,Saginaw County,H1,,,2020
26147,MI,St. Clair County,H1,,,2020
26149,MI,St. Joseph County,H1,,,2020
26151,MI,Sanilac County,H1,,,2020
26153,MI,Schoolcraft County,H1,,,2020
26155,MI,Shiawassee County,H1,,,2020
26157,MI,Tuscola County,H1,,,2020
26159,MI,Van Buren County,H1,,,2020
26161,MI,Washtenaw County,H1,,,2020
26163,MI,Wayne County,H1,,,2020
26165,MI,Wexford County,H1,,,2020
27001,MN,Aitkin County,H1,,,2020
27003,MN,Anoka County,H1,,,2020
27005,MN,Becker County,H1,,,2020
27007,MN,Beltrami County,H1,,,2020
27009,MN,Benton County,H1,,,2020
27011,MN,Big Stone County,H1,,,2020
27013,MN,Blue Earth County,H1,,,2020
27015,MN,Brown County,H1,,,2020
27017,MN,Carlton County,H1,,,2020
27019,MN,Carver County,H1,,,2020
27021,MN,Cass County,H1,,,2020
27023,MN,Chippewa County,H1,,,2020
27025,MN,Chisago County,H1,,,2020
27027,MN,Clay County,H1,,,2020
27029,MN,Clearwater County,H1,,,2020
27031,MN,Cook County,H1,,,2020
27033,MN,Cottonwood County,H1,,,2020
27035,MN,Crow Wing County,H1,,,2020
27037,MN,Dakota County,H1,,,2020
27039,MN,Dodge County,H1,,,2020
27041,MN,Douglas County,H1,,,2020
27043,MN,Faribault County,H1,,,2020
27045,MN,Fillmore County,H1,,,2020
27047,MN,Freeborn County,H1,,,2020
27049,MN,Goodhue County,H1,,,2020
27051,MN,Grant County,H1,,,2020
27053,MN,Hennepin County,H1,,,2020
27055,MN,Houston County,H1,,,2020
27057,MN,Hubbard County,H1,,,2020
27059,MN,Isanti County,H1,,,2020
27061,MN,Itasca County,H1,,,2020
27063,MN,Jackson County,H1,,,2020
27065,MN,Kanabec County,H1,,,2020
27067,MN,Kandiyohi County,H1,,,2020
27069,MN,Kittson County,H1,,,2020
27071,MN,Koochiching County,H1,,,2020
27073,MN,Lac qui Parle County,H1,,,2020
27075,MN,Lake County,H1,,,2020
27077,MN,Lake of the Woods County,H1,,,2020
27079,MN,Le Sueur County,H1,,,2020
27081,MN,Lincoln County,H1,,,2020
27083,MN,Lyon County,H1,,,2020
27085,MN,McLeod County,H1,,,2020
27087,MN,Mahnomen County,H1,,,2020
27089,MN,Marshall County,H1,,,2020
27091,MN,Martin County,H1,,,2020
27093,MN,Meeker County,H1,,,2020
27095,MN,Mille Lacs County,H1,,,2020
27097,MN,Morrison County,H1,,,2020
27099,MN,Mower County,H1,,,2020
27101,MN,Murray County,H1,,,2020
27103,MN,Nicollet County,H1,,,2020
27105,MN,Nobles County,H1,,,2020
27107,MN,Norman County,H1,,,2020
27109,MN,Olmsted County,H1,,,2020
27111,MN,Otter Tail County,H1,,,2020
27113,MN,Pennington County,H1,,,2020
27115,MN,Pine County,H1,,,2020
27117,MN,Pipestone County,H1,,,2020
27119,MN,Polk County,H1,,,2020
27121,MN,Pope County,H1,,,2020
27123,MN,Ramsey County,H1,,,2020
27125,MN,Red Lake County,H1,,,2020
27127,MN,Redwood County,H1,,,2020
27129,MN,Renville County,H1,,,2020
27131,MN,Rice County,H1,,,2020
27133,MN,Rock County,H1,,,2020
27135,MN,Roseau County,H1,,,2020
27137,MN,St. Louis County,H1,,,2020
27139,MN,Scott County,H1,,,2020
27141,MN,Sherburne County,H1,,,2020
27143,MN,Sibley County,H1,,,2020
27145,MN,Stearns County,H1,,,2020
27147,MN,Steele County,H1,,,2020
27149,MN,Stevens County,H1,,,2020
27151,MN,Swift County,H1,,,2020
27153,MN,Todd County,H1,,,2020
27155,MN,Traverse County,H1,,,2020
27157,MN,Wabasha County,H1,,,2020
27159,MN,Wadena County,H1,,,2020
27161,MN,Waseca County,H1,,,2020
27163,MN,Washington County,H1,,,2020
27165,MN,Watonwan County,H1,,,2020
27167,MN,Wilkin County,H1,,,2020
27169,MN,Winona County,H1,,,2020
27171,MN,Wright County,H1,,,2020
27173,MN,Yellow Medicine County,H1,,,2020
28001,MS,Adams County,H1,,,2020
28003,MS,Alcorn County,H1,,,2020
28005,MS,Amite County,H1,,,2020
28007,MS,Attala County,H1,,,2020
28009,MS,Benton County,H1,,,2020
28011,MS,Bolivar County,H1,,,2020
28013,MS,Calhoun County,H1,,,2020
28015,MS,Carroll County,H1,,,2020
28017,MS,Chickasaw County,H1,,,2020
28019,MS,Choctaw County,H1,,,2020
28021,MS,Claiborne County,H1,,,2020
28023,MS,Clarke County,H1,,,2020
28025,MS,Clay County,H1,,,2020
28027,MS,Coahoma County,H1,,,2020
28029,MS,Copiah County,H1,,,2020
28031,MS,Covington County,H1,,,2020
28033,MS,DeSoto County,H1,,,2020
28035,MS,Forrest County,H1,,,2020
28037,MS,Franklin County,H1,,,2020
28039,MS,George County,H1,,,2020
28041,MS,Greene County,H1,,,2020
28043,MS,Grenada County,H1,,,2020
28045,MS,Hancock County,H1,,,2020
28047,MS,Harrison County,H1,,,2020
28049,MS,Hinds County,H1,,,2020
28051,MS,Holmes County,H1,,,2020
28053,MS,Humphreys County,H1,,,2020
28055,MS,Issaquena County,H1,,,2020
28057,MS,Itawamba County,H1,,,2020
28059,MS,Jackson County,H1,,,2020
28061,MS,Jasper County,H1,,,2020
28063,MS,Jefferson County,H1,,,2020
28065,MS,Jefferson Davis County,H1,,,2020
28067,MS,Jones County,H1,,,2020
28069,MS,Kemper County,H1,,,2020
28071,MS,Lafayette County,H1,,,2020
28073,MS,Lamar County,H1,,,2020
28075,MS,Lauderdale County,H1,,,2020
28077,MS,Lawrence County,H1,,,2020
28079,MS,Leake County,H1,,,2020
28081,MS,Lee County,H1,,,2020
28083,MS,Leflore County,H1,,,2020
28085,MS,Lincoln County,H1,,,2020
28087,MS,Lowndes County,H1,,,2020
28089,MS,Madison County,H1,,,2020
28091,MS,Marion County,H1,,,2020
28093,MS,Marshall County,H1,,,2020
28095,MS,Monroe County,H1,,,2020
28097,MS,Montgomery County,H1,,,2020
28099,MS,Neshoba County,H1,,,2020
28101,MS,Newton County,H1,,,2020
28103,MS,Noxubee County,H1,,,2020
28105,MS,Oktibbeha County,H1,,,2020
28107,MS,Panola County,H1,,,2020
28109,MS,Pearl River County,H1,,,2020
28111,MS,Perry County,H1,,,2020
28113,MS,Pike County,H1,,,2020
28115,MS,Pontotoc County,H1,,,2020
28117,MS,Prentiss County,H1,,,2020
28119,MS,Quitman County,H1,,,2020
28121,MS,Rankin County,H1,,,2020
28123,MS,Scott County,H1,,,2020
28125,MS,Sharkey County,H1,,,2020
28127,MS,Simpson County,H1,,,2020
28129,MS,Smith County,H1,,,2020
28131,MS,Stone County,H1,,,2020
28133,MS,Sunflower County,H1,,,2020
28135,MS,Tallahatchie County,H1,,,2020
28137,MS,Tate County,H1,,,2020
28139,MS,Tippah County,H1,,,2020
28141,MS,Tishomingo County,H1,,,2020
28143,MS,Tunica County,H1,,,2020
28145,MS,Union County,H1,,,2020
28147,MS,Walthall County,H1,,,2020
28149,MS,Warren County,H1,,,2020
28151,MS,Washington County,H1,,,2020
28153,MS,Wayne County,H1,,,2020
28155,MS,Webster County,H1,,,2020
28157,MS,Wilkinson County,H1,,,2020
28159,MS,Winston County,H1,,,2020
28161,MS,Yalobusha County,H1,,,2020
28163,MS,Yazoo County,H1,,,2020
29001,MO,Adair County,H1,,,2020
29003,MO,Andrew County,H1,,,2020
29005,MO,Atchison County,H1,,,2020
29007,MO,Audrain County,H1,,,2020
29009,MO,Barry County,H1,,,2020
29011,MO,Barton County,H1,,,2020
29013,MO,Bates County,H1,,,2020
29015,MO,Benton County,H1,,,2020
29017,MO,Bollinger County,H1,,,2020
29019,MO,Boone County,H1,,,2020
29021,MO,Buchanan County,H1,,,2020
29023,MO,Butler County,H1,,,2020
29025,MO,Caldwell County,H1,,,2020
29027,MO,Callaway County,H1,,,2020
29029,MO,Camden County,H1,,,2020
29031,MO,Cape Girardeau County,H1,,,2020
29033,MO,Carroll County,H1,,,2020
29035,MO,Carter County,H1,,,2020
29037,MO,Cass County,H1,,,2020
29039,MO,Cedar County,H1,,,2020
29041,MO,Chariton County,H1,,,2020
29043,MO,Christian County,H1,,,2020
29045,MO,Clark County,H1,,,2020
29047,MO,Clay County,H1,,,2020
29049,MO,Clinton County,H1,,,2020
29051,MO,Cole County,H1,,,2020
29053,MO,Cooper County,H1,,,2020
29055,MO,Crawford County,H1,,,2020
29057,MO,Dade County,H1,,,2020
29059,MO,Dallas County,H1,,,2020
29061,MO,Daviess County,H1,,,2020
29063,MO,DeKalb County,H1,,,2020
29065,MO,Dent County,H1,,,2020
29067,MO,Douglas County,H1,,,2020
29069,MO,Dunklin County,H1,,,2020
29071,MO,Franklin County,H1,,,2020
29073,MO,Gasconade County,H1,,,2020
29075,MO,Gentry County,H1,,,2020
29077,MO,Greene County,H1,,,2020
29079,MO,Grundy County,H1,,,2020
29081,MO,Harrison County,H1,,,2020
29083,MO,Henry County,H1,,,2020
29085,MO,Hickory County,H1,,,2020
29087,MO,Holt County,H1,,,2020
29089,MO,Howard County,H1,,,2020
29091,MO,Howell County,H1,,,2020
29093,MO,Iron County,H1,,,2020
29095,MO,Jackson County,H1,,,2020
29097,MO,Jasper County,H1,,,2020
29099,MO,Jefferson County,H1,,,2020
29101,MO,Johnson County,H1,,,2020
29103,MO,Knox County,H1,,,2020
29105,MO,Laclede County,H1,,,2020
29107,MO,Lafayette County,H1,,,2020
29109,MO,Lawrence County,H1,,,2020
29111,MO,Lewis County,H1,,,2020
29113,MO,Lincoln County,H1,,,2020
29115,MO,Linn County,H1,,,2020
29117,MO,Livingston County,H1,,,2020
29119,MO,McDonald County,H1,,,2020
29121,MO,Macon County,H1,,,2020
29123,MO,Madison County,H1,,,2020
29125,MO,Maries County,H1,,,2020
29127,MO,Marion County,H1,,,2020
29129,MO,Mercer County,H1,,,2020
29131,MO,Miller County,H1,,,2020
29133,MO,Mississippi County,H1,,,2020
29135,MO,Moniteau County,H1,,,2020
29137,MO,Monroe County,H1,,,2020
29139,MO,Montgomery County,H1,,,2020
29141,MO,Morgan County,H1,,,2020
29143,MO,New Madrid County,H1,,,2020
29145,MO,Newton County,H1,,,2020
29147,MO,Nodaway County,H1,,,2020
29149,MO,Oregon County,H1,,,2020
29151,MO,Osage County,H1,,,2020
29153,MO,Ozark County,H1,,,2020
29155,MO,Pemiscot County,H1,,,2020
29157,MO,Perry County,H1,,,2020
29159,MO,Pettis County,H1,,,2020
29161,MO,Phelps County,H1,,,2020
29163,MO,Pike County,H1,,,2020
29165,MO,Platte County,H1,,,2020
29167,MO,Polk County,H1,,,2020
29169,MO,Pulaski County,H1,,,2020
29171,MO,Putnam County,H1,,,2020
29173,MO,Ralls County,H1,,,2020
29175,MO,Randolph County,H1,,,2020
29177,MO,Ray County,H1,,,2020
29179,MO,Reynolds County,H1,,,2020
29181,MO,Ripley County,H1,,,2020
29183,MO,St. Charles County,H1,,,2020
29185,MO,St. Clair County,H1,,,2020
29186,MO,Ste. Genevieve County,H1,,,2020
29187,MO,St. Francois County,H1,,,2020
29189,MO,St. Louis County,H1,,,2020
29195,MO,Saline County,H1,,,2020
29197,MO,Schuyler County,H1,,,2020
29199,MO,Scotland County,H1,,,2020
29201,MO,Scott County,H1,,,2020
29203,MO,Shannon County,H1,,,2020
29205,MO,Shelby County,H1,,,2020
29207,MO,Stoddard County,H1,,,2020
29209,MO,Stone County,H1,,,2020
29211,MO,Sullivan County,H1,,,2020
29213,MO,Taney County,H1,,,2020
29215,MO,Texas County,H1,,,2020
29217,MO,Vernon County,H1,,,2020
29219,MO,Warren County,H1,,,2020
29221,MO,Washington County,H1,,,2020
29223,MO,Wayne County,H1,,,2020
29225,MO,Webster County,H1,,,2020
29227,MO,Worth County,H1,,,2020
29229,MO,Wright County,H1,,,2020
29510,MO,St. Louis city,C7,,,2020
30001,MT,Beaverhead County,H1,,,2020
30003,MT,Big Horn County,H1,,,2020
30005,MT,Blaine County,H1,,,2020
30007,MT,Broadwater County,H1,,,2020
30009,MT,Carbon County,H1,,,2020
30011,MT,Carter County,H1,,,2020
30013,MT,Cascade County,H1,,,2020
30015,MT,Chouteau County,H1,,,2020
30017,MT,Custer County,H1,,,2020
30019,MT,Daniels County,H1,,,2020
30021,MT,Dawson County,H1,,,2020
30023,MT,Deer Lodge County,H6,,,2020
30025,MT,Fallon County,H1,,,2020
30027,MT,Fergus County,H1,,,2020
30029,MT,Flathead County,H1,,,2020
30031,MT,Gallatin County,H1,,,2020
30033,MT,Garfield County,H1,,,2020
30035,MT,Glacier County,H1,,,2020
30037,MT,Golden Valley County,H1,,,2020
30039,MT,Granite County,H1,,,2020
30041,MT,Hill County,H1,,,2020
30043,MT,Jefferson County,H1,,,2020
30045,MT,Judith Basin County,H1,,,2020
30047,MT,Lake County,H1,,,2020
30049,MT,Lewis and Clark County,H1,,,2020
30051,MT,Liberty County,H1,,,2020
30053,MT,Lincoln County,H1,,,2020
30055,MT,McCone County,H1,,,2020
30057,MT,Madison County,H1,,,2020
30059,MT,Meagher County,H1,,,2020
30061,MT,Mineral County,H1,,,2020
30063,MT,Missoula County,H1,,,2020
30065,MT,Musselshell County,H1,,,2020
30067,MT,Park County,H1,,,2020
30069,MT,Petroleum County,H1,,,2020
30071,MT,Phillips County,H1,,,2020
30073,MT,Pondera County,H1,,,2020
30075,MT,Powder River County,H1,,,2020
30077,MT,Powell County,H1,,,2020
30079,MT,Prairie County,H1,,,2020
30081,MT,Ravalli County,H1,,,2020
30083,MT,Richland County,H1,,,2020
30085,MT,Roosevelt County,H1,,,2020
30087,MT,Rosebud County,H1,,,2020
30089,MT,Sanders County,H1,,,2020
30091,MT,Sheridan County,H1,,,2020
30093,MT,Silver Bow County,H6,,,2020
30095,MT,Stillwater County,H1,,,2020
30097,MT,Sweet Grass County,H1,,,2020
30099,MT,Teton County,H1,,,2020
30101,MT,Toole County,H1,,,2020
30103,MT,Treasure County,H1,,,2020
30105,MT,Valley County,H1,,,2020
30107,MT,Wheatland County,H1,,,2020
30109,MT,Wibaux County,H1,,,2020
30111,MT,Yellowstone County,H1,,,2020
30113,MT,Yellowstone National Park,,,1997-11-07,census_county_changes
31001,NE,Adams County,H1,,,2020
31003,NE,Antelope County,H1,,,2020
31005,NE,Arthur County,H1,,,2020
31007,NE,Banner County,H1,,,2020
31009,NE,Blaine County,H1,,,2020
31011,NE,Boone County,H1,,,2020
31013,NE,Box Butte County,H1,,,2020
31015,NE,Boyd County,H1,,,2020
31017,NE,Brown County,H1,,,2020
31019,NE,Buffalo County,H1,,,2020
31021,NE,Burt County,H1,,,2020
31023,NE,Butler County,H1,,,2020
31025,NE,Cass County,H1,,,2020
31027,NE,Cedar County,H1,,,2020
31029,NE,Chase County,H1,,,2020
31031,NE,Cherry County,H1,,,2020
31033,NE,Cheyenne County,H1,,,2020
31035,NE,Clay County,H1,,,2020
31037,NE,Colfax County,H1,,,2020
31039,NE,Cuming County,H1,,,2020
31041,NE,Custer County,H1,,,2020
31043,NE,Dakota County,H1,,,2020
31045,NE,Dawes County,H1,,,2020
31047,NE,Dawson County,H1,,,2020
31049,NE,Deuel County,H1,,,2020
31051,NE,Dixon County,H1,,,2020
31053,NE,Dodge County,H1,,,2020
31055,NE,Douglas County,H1,,,2020
31057,NE,Dundy County,H1,,,2020
31059,NE,Fillmore County,H1,,,2020
31061,NE,Franklin County,H1,,,2020
31063,NE,Frontier County,H1,,,2020
31065,NE,Furnas County,H1,,,2020
31067,NE,Gage County,H1,,,2020
31069,NE,Garden County,H1,,,2020
31071,NE,Garfield County,H1,,,2020
31073,NE,Gosper County,H1,,,2020
31075,NE,Grant County,H1,,,2020
31077,NE,Greeley County,H1,,,2020
31079,NE,Hall County,H1,,,2020
31081,NE,Hamilton County,H1,,,2020
31083,NE,Harlan County,H1,,,2020
31085,NE,Hayes County,H1,,,2020
31087,NE,Hitchcock County,H1,,,2020
31089,NE,Holt County,H1,,,2020
31091,NE,Hooker County,H1,,,2020
31093,NE,Howard County,H1,,,2020
31095,NE,Jefferson County,H1,,,2020
31097,NE,Johnson County,H1,,,2020
31099,NE,Kearney County,H1,,,2020
31101,NE,Keith County,H1,,,2020
31103,NE,Keya Paha County,H1,,,2020
31105,NE,Kimball County,H1,,,2020
31107,NE,Knox County,H1,,,2020
31109,NE,Lancaster County,H1,,,2020
31111,NE,Lincoln County,H1,,,2020
31113,NE,Logan County,H1,,,2020
31115,NE,Loup County,H1,,,2020
31117,NE,McPherson County,H1,,,2020
31119,NE,Madison County,H1,,,2020
31121,NE,Merrick County,H1,,,2020
31123,NE,Morrill County,H1,,,2020
31125,NE,Nance County,H1,,,2020
31127,NE,Nemaha County,H1,,,2020
31129,NE,Nuckolls County,H1,,,2020
31131,NE,Otoe County,H1,,,2020
31133,NE,Pawnee County,H1,,,2020
31135,NE,Perkins County,H1,,,2020
31137,NE,Phelps County,H1,,,2020
31139,NE,Pierce County,H1,,,2020
31141,NE,Platte County,H1,,,2020
31143,NE,Polk County,H1,,,2020
31145,NE,Red Willow County,H1,,,2020
31147,NE,Richardson County,H1,,,2020
31149,NE,Rock County,H1,,,2020
31151,NE,Saline County,H1,,,2020
31153,NE,Sarpy County,H1,,,2020
31155,NE,Saunders County,H1,,,2020
31157,NE,Scotts Bluff County,H1,,,2020
31159,NE,Seward County,H1,,,2020
31161,NE,Sheridan County,H1,,,2020
31163,NE,Sherman County,H1,,,2020
31165,NE,Sioux County,H1,,,2020
31167,NE,Stanton County,H1,,,2020
31169,NE,Thayer County,H1,,,2020
31171,NE,Thomas County,H1,,,2020
31173,NE,Thurston County,H1,,,2020
31175,NE,Valley County,H1,,,2020
31177,NE,Washington County,H1,,,2020
31179,NE,Wayne County,H1,,,2020
31181,NE,Webster County,H1,,,2020
31183,NE,Wheeler County,H1,,,2020
31185,NE,York County,H1,,,2020
32001,NV,Churchill County,H1,,,2020
32003,NV,Clark County,H1,,,2020
32005,NV,Douglas County,H1,,,2020
32007,NV,Elko County,H1,,,2020
32009,NV,Esmeralda County,H1,,,2020
32011,NV,Eureka County,H1,,,2020
32013,NV,Humboldt County,H1,,,2020
32015,NV,Lander County,H1,,,2020
32017,NV,Lincoln County,H1,,,2020
32019,NV,Lyon County,H1,,,2020
32021,NV,Mineral County,H1,,,2020
32023,NV,Nye County,H1,,,2020
32027,NV,Pershing County,H1,,,2020
32029,NV,Storey County,H1,,,2020
32031,NV,Washoe County,H1,,,2020
32033,NV,White Pine County,H1,,,2020
32510,NV,Carson City,C7,,,2020
33001,NH,Belknap County,H1,,,2020
33003,NH,Carroll County,H1,,,2020
33005,NH,Cheshire County,H1,,,2020
33007,NH,Coos County,H1,,,2020
33009,NH,Grafton County,H1,,,2020
33011,NH,Hillsborough County,H1,,,2020
33013,NH,Merrimack County,H1,,,2020
33015,NH,Rockingham County,H1,,,2020
33017,NH,Strafford County,H1,,,2020
33019,NH,Sullivan County,H1,,,2020
34001,NJ,Atlantic County,H1,,,2020
34003,NJ,Bergen County,H1,,,2020
34005,NJ,Burlington County,H1,,,2020
34007,NJ,Camden County,H1,,,2020
34009,NJ,Cape May County,H1,,,2020
34011,NJ,Cumberland County,H1,,,2020
34013,NJ,Essex County,H1,,,2020
34015,NJ,Gloucester County,H1,,,2020
34017,NJ,Hudson County,H1,,,2020
34019,NJ,Hunterdon County,H1,,,2020
34021,NJ,Mercer County,H1,,,2020
34023,NJ,Middlesex County,H1,,,2020
34025,NJ,Monmouth County,H1,,,2020
34027,NJ,Morris County,H1,,,2020
34029,NJ,Ocean County,H1,,,2020
34031,NJ,Passaic County,H1,,,2020
34033,NJ,Salem County,H1,,,2020
34035,NJ,Somerset County,H1,,,2020
34037,NJ,Sussex County,H1,,,2020
34039,NJ,Union County,H1,,,2020
34041,NJ,Warren County,H1,,,2020
35001,NM,Bernalillo County,H1,,,2020
35003,NM,Catron County,H1,,,2020
35005,NM,Chaves County,H1,,,2020
35006,NM,Cibola County,H1,,,2020
35007,NM,Colfax County,H1,,,2020
35009,NM,Curry County,H1,,,2020
35011,NM,De Baca County,H1,,,2020
35013,NM,Doña Ana County,H1,,,2020
35015,NM,Eddy County,H1,,,2020
35017,NM,Grant County,H1,,,2020
35019,NM,Guadalupe County,H1,,,2020
35021,NM,Harding County,H1,,,2020
35023,NM,Hidalgo County,H1,,,2020
35025,NM,Lea County,H1,,,2020
35027,NM,Lincoln County,H1,,,2020
35028,NM,Los Alamos County,H1,,,2020
35029,NM,Luna County,H1,,,2020
35031,NM,McKinley County,H1,,,2020
35033,NM,Mora County,H1,,,2020
35035,NM,Otero County,H1,,,2020
35037,NM,Quay County,H1,,,2020
35039,NM,Rio Arriba County,H1,,,2020
35041,NM,Roosevelt County,H1,,,2020
35043,NM,Sandoval County,H1,,,2020
35045,NM,San Juan County,H1,,,2020
35047,NM,San Miguel County,H1,,,2020
35049,NM,Santa Fe County,H1,,,2020
35051,NM,Sierra County,H1,,,2020
35053,NM,Socorro County,H1,,,2020
35055,NM,Taos County,H1,,,2020
35057,NM,Torrance County,H1,,,2020
35059,NM,Union County,H1,,,2020
35061,NM,Valencia County,H1,,,2020
36001,NY,Albany County,H1,,,2020
36003,NY,Allegany County,H1,,,2020
36005,NY,Bronx County,H6,,,2020
36007,NY,Broome County,H1,,,2020
36009,NY,Cattaraugus County,H1,,,2020
36011,NY,Cayuga County,H1,,,2020
36013,NY,Chautauqua County,H1,,,2020
36015,NY,Chemung County,H1,,,2020
36017,NY,Chenango County,H1,,,2020
36019,NY,Clinton County,H1,,,2020
36021,NY,Columbia County,H1,,,2020
36023,NY,Cortland County,H1,,,2020
36025,NY,Delaware County,H1,,,2020
36027,NY,Dutchess County,H1,,,2020
36029,NY,Erie County,H1,,,2020
36031,NY,Essex County,H1,,,2020
36033,NY,Franklin County,H1,,,2020
36035,NY,Fulton County,H1,,,2020
36037,NY,Genesee County,H1,,,2020
36039,NY,Greene County,H1,,,2020
36041,NY,Hamilton County,H1,,,2020
36043,NY,Herkimer County,H1,,,2020
36045,NY,Jefferson County,H1,,,2020
36047,NY,Kings County,H6,,,2020
36049,NY,Lewis County,H1,,,2020
36051,NY,Livingston County,H1,,,2020
36053,NY,Madison County,H1,,,2020
36055,NY,Monroe County,H1,,,2020
36057,NY,Montgomery County,H1,,,2020
36059,NY,Nassau County,H1,,,2020
36061,NY,New York County,H6,,,2020
36063,NY,Niagara County,H1,,,2020
36065,NY,Oneida County,H1,,,2020
36067,NY,Onondaga County,H1,,,2020
36069,NY,Ontario County,H1,,,2020
36071,NY,Orange County,H1,,,2020
36073,NY,Orleans County,H1,,,2020
36075,NY,Oswego County,H1,,,2020
36077,NY,Otsego County,H1,,,2020
36079,NY,Putnam County,H1,,,2020
36081,NY,Queens County,H6,,,2020
36083,NY,Rensselaer County,H1,,,2020
36085,NY,Richmond County,H6,,,2020
36087,NY,Rockland County,H1,,,2020
36089,NY,St. Lawrence County,H1,,,2020
36091,NY,Saratoga County,H1,,,2020
36093,NY,Schenectady County,H1,,,2020
36095,NY,Schoharie County,H1,,,2020
36097,NY,Schuyler County,H1,,,2020
36099,NY,Seneca County,H1,,,2020
36101,NY,Steuben County,H1,,,2020
36103,NY,Suffolk County,H1,,,2020
36105,NY,Sullivan County,H1,,,2020
36107,NY,Tioga County,H1,,,2020
36109,NY,Tompkins County,H1,,,2020
36111,NY,Ulster County,H1,,,2020
36113,NY,Warren County,H1,,,2020
36115,NY,Washington County,H1,,,2020
36117,NY,Wayne County,H1,,,2020
36119,NY,Westchester County,H1,,,2020
36121,NY,Wyoming County,H1,,,2020
36123,NY,Yates County,H1,,,2020
37001,NC,Alamance County,H1,,,2020
37003,NC,Alexander County,H1,,,2020
37005,NC,Alleghany County,H1,,,2020
37007,NC,Anson County,H1,,,2020
37009,NC,Ashe County,H1,,,2020
37011,NC,Avery County,H1,,,2020
37013,NC,Beaufort County,H1,,,2020
37015,NC,Bertie County,H1,,,2020
37017,NC,Bladen County,H1,,,2020
37019,NC,Brunswick County,H1,,,2020
37021,NC,Buncombe County,H1,,,2020
37023,NC,Burke County,H1,,,2020
37025,NC,Cabarrus County,H1,,,2020
37027,NC,Caldwell County,H1,,,2020
37029,NC,Camden County,H1,,,2020
37031,NC,Carteret County,H1,,,2020
37033,NC,Caswell County,H1,,,2020
37035,NC,Catawba County,H1,,,2020
37037,NC,Chatham County,H1,,,2020
37039,NC,Cherokee County,H1,,,2020
37041,NC,Chowan County,H1,,,2020
37043,NC,Clay County,H1,,,2020
37045,NC,Cleveland County,H1,,,2020
37047,NC,Columbus County,H1,,,2020
37049,NC,Craven County,H1,,,2020
37051,NC,Cumberland County,H1,,,2020
37053,NC,Currituck County,H1,,,2020
37055,NC,Dare County,H1,,,2020
37057,NC,Davidson County,H1,,,2020
37059,NC,Davie County,H1,,,2020
37061,NC,Duplin County,H1,,,2020
37063,NC,Durham County,H1,,,2020
37065,NC,Edgecombe County,H1,,,2020
37067,NC,Forsyth County,H1,,,2020
37069,NC,Franklin County,H1,,,2020
37071,NC,Gaston County,H1,,,2020
37073,NC,Gates County,H1,,,2020
37075,NC,Graham County,H1,,,2020
37077,NC,Granville County,H1,,,2020
37079,NC,Greene County,H1,,,2020
37081,NC,Guilford County,H1,,,2020
37083,NC,Halifax County,H1,,,2020
37085,NC,Harnett County,H1,,,2020
37087,NC,Haywood County,H1,,,2020
37089,NC,Henderson County,H1,,,2020
37091,NC,Hertford County,H1,,,2020
37093,NC,Hoke County,H1,,,2020
37095,NC,Hyde County,H1,,,2020
37097,NC,Iredell County,H1,,,2020
37099,NC,Jackson County,H1,,,2020
37101,NC,Johnston County,H1,,,2020
37103,NC,Jones County,H1,,,2020
37105,NC,Lee County,H1,,,2020
37107,NC,Lenoir County,H1,,,2020
37109,NC,Lincoln County,H1,,,2020
37111,NC,McDowell County,H1,,,2020
37113,NC,Macon County,H1,,,2020
37115,NC,Madison County,H1,,,2020
37117,NC,Martin County,H1,,,2020
37119,NC,Mecklenburg County,H1,,,2020
37121,NC,Mitchell County,H1,,,2020
37123,NC,Montgomery County,H1,,,2020
37125,NC,Moore County,H1,,,2020
37127,NC,Nash County,H1,,,2020
37129,NC,New Hanover County,H1,,,2020
37131,NC,Northampton County,H1,,,2020
37133,NC,Onslow County,H1,,,2020
37135,NC,Orange County,H1,,,2020
37137,NC,Pamlico County,H1,,,2020
37139,NC,Pasquotank County,H1,,,2020
37141,NC,Pender County,H1,,,2020
37143,NC,Perquimans County,H1,,,2020
37145,NC,Person County,H1,,,2020
37147,NC,Pitt County,H1,,,2020
37149,NC,Polk County,H1,,,2020
37151,NC,Randolph County,H1,,,2020
37153,NC,Richmond County,H1,,,2020
37155,NC,Robeson County,H1,,,2020
37157,NC,Rockingham County,H1,,,2020
37159,NC,Rowan County,H1,,,2020
37161,NC,Rutherford County,H1,,,2020
37163,NC,Sampson County,H1,,,2020
37165,NC,Scotland County,H1,,,2020
37167,NC,Stanly County,H1,,,2020
37169,NC,Stokes County,H1,,,2020
37171,NC,Surry County,H1,,,2020
37173,NC,Swain County,H1,,,2020
37175,NC,Transylvania County,H1,,,2020
37177,NC,Tyrrell County,H1,,,2020
37179,NC,Union County,H1,,,2020
37181,NC,Vance County,H1,,,2020
37183,NC,Wake County,H1,,,2020
37185,NC,Warren County,H1,,,2020
37187,NC,Washington County,H1,,,2020
37189,NC,Watauga County,H1,,,2020
37191,NC,Wayne County,H1,,,2020
37193,NC,Wilkes County,H1,,,2020
37195,NC,Wilson County,H1,,,2020
37197,NC,Yadkin County,H1,,,2020
37199,NC,Yancey County,H1,,,2020
38001,ND,Adams County,H1,,,2020
38003,ND,Barnes County,H1,,,2020
38005,ND,Benson County,H1,,,2020
38007,ND,Billings County,H1,,,2020
38009,ND,Bottineau County,H1,,,2020
38011,ND,Bowman County,H1,,,2020
38013,ND,Burke County,H1,,,2020
38015,ND,Burleigh County,H1,,,2020
38017,ND,Cass County,H1,,,2020
38019,ND,Cavalier County,H1,,,2020
38021,ND,Dickey County,H1,,,2020
38023,ND,Divide County,H1,,,2020
38025,ND,Dunn County,H1,,,2020
38027,ND,Eddy County,H1,,,2020
38029,ND,Emmons County,H1,,,2020
38031,ND,Foster County,H1,,,2020
38033,ND,Golden Valley County,H1,,,2020
38035,ND,Grand Forks County,H1,,,2020
38037,ND,Grant County,H1,,,2020
38039,ND,Griggs County,H1,,,2020
38041,ND,Hettinger County,H1,,,2020
38043,ND,Kidder County,H1,,,2020
38045,ND,LaMoure County,H1,,,2020
38047,ND,Logan County,H1,,,2020
38049,ND,McHenry County,H1,,,2020
38051,ND,McIntosh County,H1,,,2020
38053,ND,McKenzie County,H1,,,2020
38055,ND,McLean County,H1,,,2020
38057,ND,Mercer County,H1,,,2020
38059,ND,Morton County,H1,,,2020
38061,ND,Mountrail County,H1,,,2020
38063,ND,Nelson County,H1,,,2020
38065,ND,Oliver County,H1,,,2020
38067,ND,Pembina County,H1,,,2020
38069,ND,Pierce County,H1,,,2020
38071,ND,Ramsey County,H1,,,2020
38073,ND,Ransom County,H1,,,2020
38075,ND,Renville County,H1,,,2020
38077,ND,Richland County,H1,,,2020
38079,ND,Rolette County,H1,,,2020
38081,ND,Sargent County,H1,,,2020
38083,ND,Sheridan County,H1,,,2020
38085,ND,Sioux County,H1,,,2020
38087,ND,Slope County,H1,,,2020
38089,ND,Stark County,H1,,,2020
38091,ND,Steele County,H1,,,2020
38093,ND,Stutsman County,H1,,,2020
38095,ND,Towner County,H1,,,2020
38097,ND,Traill County,H1,,,2020
38099,ND,Walsh County,H1,,,2020
38101,ND,Ward County,H1,,,2020
38103,ND,Wells County,H1,,,2020
38105,ND,Williams County,H1,,,2020
39001,OH,Adams County,H1,,,2020
39003,OH,Allen County,H1,,,2020
39005,OH,Ashland County,H1,,,2020
39007,OH,Ashtabula County,H1,,,2020
39009,OH,Athens County,H1,,,2020
39011,OH,Auglaize County,H1,,,2020
39013,OH,Belmont County,H1,,,2020
39015,OH,Brown County,H1,,,2020
39017,OH,Butler County,H1,,,2020
39019,OH,Carroll County,H1,,,2020
39021,OH,Champaign County,H1,,,2020
39023,OH,Clark County,H1,,,2020
39025,OH,Clermont County,H1,,,2020
39027,OH,Clinton County,H1,,,2020
39029,OH,Columbiana County,H1,,,2020
39031,OH,Coshocton County,H1,,,2020
39033,OH,Crawford County,H1,,,2020
39035,OH,Cuyahoga County,H1,,,2020
39037,OH,Darke County,H1,,,2020
39039,OH,Defiance County,H1,,,2020
39041,OH,Delaware County,H1,,,2020
39043,OH,Erie County,H1,,,2020
39045,OH,Fairfield County,H1,,,2020
39047,OH,Fayette County,H1,,,2020
39049,OH,Franklin County,H1,,,2020
39051,OH,Fulton County,H1,,,2020
39053,OH,Gallia County,H1,,,2020
39055,OH,Geauga County,H1,,,2020
39057,OH,Greene County,H1,,,2020
39059,OH,Guernsey County,H1,,,2020
39061,OH,Hamilton County,H1,,,2020
39063,OH,Hancock County,H1,,,2020
39065,OH,Hardin County,H1,,,2020
39067,OH,Harrison County,H1,,,2020
39069,OH,Henry County,H1,,,2020
39071,OH,Highland County,H1,,,2020
39073,OH,Hocking County,H1,,,2020
39075,OH,Holmes County,H1,,,2020
39077,OH,Huron County,H1,,,2020
39079,OH,Jackson County,H1,,,2020
39081,OH,Jefferson County,H1,,,2020
39083,OH,Knox County,H1,,,2020
39085,OH,Lake County,H1,,,2020
39087,OH,Lawrence County,H1,,,2020
39089,OH,Licking County,H1,,,2020
39091,OH,Logan County,H1,,,2020
39093,OH,Lorain County,H1,,,2020
39095,OH,Lucas County,H1,,,2020
39097,OH,Madison County,H1,,,2020
39099,OH,Mahoning County,H1,,,2020
39101,OH,Marion County,H1,,,2020
39103,OH,Medina County,H1,,,2020
39105,OH,Meigs County,H1,,,2020
39107,OH,Mercer County,H1,,,2020
39109,OH,Miami County,H1,,,2020
39111,OH,Monroe County,H1,,,2020
39113,OH,Montgomery County,H1,,,2020
39115,OH,Morgan County,H1,,,2020
39117,OH,Morrow County,H1,,,2020
39119,OH,Muskingum County,H1,,,2020
39121,OH,Noble County,H1,,,2020
39123,OH,Ottawa County,H1,,,2020
39125,OH,Paulding County,H1,,,2020
39127,OH,Perry County,H1,,,2020
39129,OH,Pickaway County,H1,,,2020
39131,OH,Pike County,H1,,,2020
39133,OH,Portage County,H1,,,2020
39135,OH,Preble County,H1,,,2020
39137,OH,Putnam County,H1,,,2020
39139,OH,Richland County,H1,,,2020
39141,OH,Ross County,H1,,,2020
39143,OH,Sandusky County,H1,,,2020
39145,OH,Scioto County,H1,,,2020
39147,OH,Seneca County,H1,,,2020
39149,OH,Shelby County,H1,,,2020
39151,OH,Stark County,H1,,,2020
39153,OH,Summit County,H1,,,2020
39155,OH,Trumbull County,H1,,,2020
39157,OH,Tuscarawas County,H1,,,2020
39159,OH,Union County,H1,,,2020
39161,OH,Van Wert County,H1,,,2020
39163,OH,Vinton County,H1,,,2020
39165,OH,Warren County,H1,,,2020
39167,OH,Washington County,H1,,,2020
39169,OH,Wayne County,H1,,,2020
39171,OH,Williams County,H1,,,2020
39173,OH,Wood County,H1,,,2020
39175,OH,Wyandot County,H1,,,2020
40001,OK,Adair County,H1,,,2020
40003,OK,Alfalfa County,H1,,,2020
40005,OK,Atoka County,H1,,,2020
40007,OK,Beaver County,H1,,,2020
40009,OK,Beckham County,H1,,,2020
40011,OK,Blaine County,H1,,,2020
40013,OK,Bryan County,H1,,,2020
40015,OK,Caddo County,H1,,,2020
40017,OK,Canadian County,H1,,,2020
40019,OK,Carter County,H1,,,2020
40021,OK,Cherokee County,H1,,,2020
40023,OK,Choctaw County,H1,,,2020
40025,OK,Cimarron County,H1,,,2020
40027,OK,Cleveland County,H1,,,2020
40029,OK,Coal County,H1,,,2020
40031,OK,Comanche County,H1,,,2020
40033,OK,Cotton County,H1,,,2020
40035,OK,Craig County,H1,,,2020
40037,OK,Creek County,H1,,,2020
40039,OK,Custer County,H1,,,2020
40041,OK,Delaware County,H1,,,2020
40043,OK,Dewey County,H1,,,2020
40045,OK,Ellis County,H1,,,2020
40047,OK,Garfield County,H1,,,2020
40049,OK,Garvin County,H1,,,2020
40051,OK,Grady County,H1,,,2020
40053,OK,Grant County,H1,,,2020
40055,OK,Greer County,H1,,,2020
40057,OK,Harmon County,H1,,,2020
40059,OK,Harper County,H1,,,2020
40061,OK,Haskell County,H1,,,2020
40063,OK,Hughes County,H1,,,2020
40065,OK,Jackson County,H1,,,2020
40067,OK,Jefferson County,H1,,,2020
40069,OK,Johnston County,H1,,,2020
40071,OK,Kay County,H1,,,2020
40073,OK,Kingfisher County,H1,,,2020
40075,OK,Kiowa County,H1,,,2020
40077,OK,Latimer County,H1,,,2020
40079,OK,Le Flore County,H1,,,2020
40081,OK,Lincoln County,H1,,,2020
40083,OK,Logan County,H1,,,2020
40085,OK,Love County,H1,,,2020
40087,OK,McClain County,H1,,,2020
40089,OK,McCurtain County,H1,,,2020
40091,OK,McIntosh County,H1,,,2020
40093,OK,Major County,H1,,,2020
40095,OK,Marshall County,H1,,,2020
40097,OK,Mayes County,H1,,,2020
40099,OK,Murray County,H1,,,2020
40101,OK,Muskogee County,H1,,,2020
40103,OK,Noble County,H1,,,2020
40105,OK,Nowata County,H1,,,2020
40107,OK,Okfuskee County,H1,,,2020
40109,OK,Oklahoma County,H1,,,2020
40111,OK,Okmulgee County,H1,,,2020
40113,OK,Osage County,H1,,,2020
40115,OK,Ottawa County,H1,,,2020
40117,OK,Pawnee County,H1,,,2020
40119,OK,Payne County,H1,,,2020
40121,OK,Pittsburg County,H1,,,2020
40123,OK,Pontotoc County,H1,,,2020
40125,OK,Pottawatomie County,H1,,,2020
40127,OK,Pushmataha County,H1,,,2020
40129,OK,Roger Mills County,H1,,,2020
40131,OK,Rogers County,H1,,,2020
40133,OK,Seminole County,H1,,,2020
40135,OK,Sequoyah County,H1,,,2020
40137,OK,Stephens County,H1,,,2020
40139,OK,Texas County,H1,,,2020
40141,OK,Tillman County,H1,,,2020
40143,OK,Tulsa County,H1,,,2020
40145,OK,Wagoner County,H1,,,2020
40147,OK,Washington County,H1,,,2020
40149,OK,Washita County,H1,,,2020
40151,OK,Woods County,H1,,,2020
40153,OK,Woodward County,H1,,,2020
41001,OR,Baker County,H1,,,2020
41003,OR,Benton County,H1,,,2020
41005,OR,Clackamas County,H1,,,2020
41007,OR,Clatsop County,H1,,,2020
41009,OR,Columbia County,H1,,,2020
41011,OR,Coos County,H1,,,2020
41013,OR,Crook County,H1,,,2020
41015,OR,Curry County,H1,,,2020
41017,OR,Deschutes County,H1,,,2020
41019,OR,Douglas County,H1,,,2020
41021,OR,Gilliam County,H1,,,2020
41023,OR,Grant County,H1,,,2020
41025,OR,Harney County,H1,,,2020
41027,OR,Hood River County,H1,,,2020
41029,OR,Jackson County,H1,,,2020
41031,OR,Jefferson County,H1,,,2020
41033,OR,Josephine County,H1,,,2020
41035,OR,Klamath County,H1,,,2020
41037,OR,Lake County,H1,,,2020
41039,OR,Lane County,H1,,,2020
41041,OR,Lincoln County,H1,,,2020
41043,OR,Linn County,H1,,,2020
41045,OR,Malheur County,H1,,,2020
41047,OR,Marion County,H1,,,2020
41049,OR,Morrow County,H1,,,2020
41051,OR,Multnomah County,H1,,,2020
41053,OR,Polk County,H1,,,2020
41055,OR,Sherman County,H1,,,2020
41057,OR,Tillamook County,H1,,,2020
41059,OR,Umatilla County,H1,,,2020
41061,OR,Union County,H1,,,2020
41063,OR,Wallowa County,H1,,,2020
41065,OR,Wasco County,H1,,,2020
41067,OR,Washington County,H1,,,2020
41069,OR,Wheeler County,H1,,,2020
41071,OR,Yamhill County,H1,,,2020
42001,PA,Adams County,H1,,,2020
42003,PA,Allegheny County,H1,,,2020
42005,PA,Armstrong County,H1,,,2020
42007,PA,Beaver County,H1,,,2020
42009,PA,Bedford County,H1,,,2020
42011,PA,Berks County,H1,,,2020
42013,PA,Blair County,H1,,,2020
42015,PA,Bradford County,H1,,,2020
42017,PA,Bucks County,H1,,,2020
42019,PA,Butler County,H1,,,2020
42021,PA,Cambria County,H1,,,2020
42023,PA,Cameron County,H1,,,2020
42025,PA,Carbon County,H1,,,2020
42027,PA,Centre County,H1,,,2020
42029,PA,Chester County,H1,,,2020
42031,PA,Clarion County,H1,,,2020
42033,PA,Clearfield County,H1,,,2020
42035,PA,Clinton County,H1,,,2020
42037,PA,Columbia County,H1,,,2020
42039,PA,Crawford County,H1,,,2020
42041,PA,Cumberland County,H1,,,2020
42043,PA,Dauphin County,H1,,,2020
42045,PA,Delaware County,H1,,,2020
42047,PA,Elk County,H1,,,2020
42049,PA,Erie County,H1,,,2020
42051,PA,Fayette County,H1,,,2020
42053,PA,Forest County,H1,,,2020
42055,PA,Franklin County,H1,,,2020
42057,PA,Fulton County,H1,,,2020
42059,PA,Greene County,H1,,,2020
42061,PA,Huntingdon County,H1,,,2020
42063,PA,Indiana County,H1,,,2020
42065,PA,Jefferson County,H1,,,2020
42067,PA,Juniata County,H1,,,2020
42069,PA,Lackawanna County,H1,,,2020
42071,PA,Lancaster County,H1,,,2020
42073,PA,Lawrence County,H1,,,2020
42075,PA,Lebanon County,H1,,,2020
42077,PA,Lehigh County,H1,,,2020
42079,PA,Luzerne County,H1,,,2020
42081,PA,Lycoming County,H1,,,2020
42083,PA,McKean County,H1,,,2020
42085,PA,Mercer County,H1,,,2020
42087,PA,Mifflin County,H1,,,2020
42089,PA,Monroe County,H1,,,2020
42091,PA,Montgomery County,H1,,,2020
42093,PA,Montour County,H1,,,2020
42095,PA,Northampton County,H1,,,2020
42097,PA,Northumberland County,H1,,,2020
42099,PA,Perry County,H1,,,2020
42101,PA,Philadelphia County,H6,,,2020
42103,PA,Pike County,H1,,,2020
42105,PA,Potter County,H1,,,2020
42107,PA,Schuylkill County,H1,,,2020
42109,PA,Snyder County,H1,,,2020
42111,PA,Somerset County,H1,,,2020
42113,PA,Sullivan County,H1,,,2020
42115,PA,Susquehanna County,H1,,,2020
42117,PA,Tioga County,H1,,,2020
42119,PA,Union County,H1,,,2020
42121,PA,Venango County,H1,,,2020
42123,PA,Warren County,H1,,,2020
42125,PA,Washington County,H1,,,2020
42127,PA,Wayne County,H1,,,2020
42129,PA,Westmoreland County,H1,,,2020
42131,PA,Wyoming County,H1,,,2020
42133,PA,York County,H1,,,2020
44001,RI,Bristol County,H4,,,2020
44003,RI,Kent County,H4,,,2020
44005,RI,Newport County,H4,,,2020
44007,RI,Providence County,H4,,,2020
44009,RI,Washington County,H4,,,2020
45001,SC,Abbeville County,H1,,,2020
45003,SC,Aiken County,H1,,,2020
45005,SC,Allendale County,H1,,,2020
45007,SC,Anderson County,H1,,,2020
45009,SC,Bamberg County,H1,,,2020
45011,SC,Barnwell County,H1,,,2020
45013,SC,Beaufort County,H1,,,2020
45015,SC,Berkeley County,H1,,,2020
45017,SC,Calhoun County,H1,,,2020
45019,SC,Charleston County,H1,,,2020
45021,SC,Cherokee County,H1,,,2020
45023,SC,Chester County,H1,,,2020
45025,SC,Chesterfield County,H1,,,2020
45027,SC,Clarendon County,H1,,,2020
45029,SC,Colleton County,H1,,,2020
45031,SC,Darlington County,H1,,,2020
45033,SC,Dillon County,H1,,,2020
45035,SC,Dorchester County,H1,,,2020
45037,SC,Edgefield County,H1,,,2020
45039,SC,Fairfield County,H1,,,2020
45041,SC,Florence County,H1,,,2020
45043,SC,Georgetown County,H1,,,2020
45045,SC,Greenville County,H1,,,2020
45047,SC,Greenwood County,H1,,,2020
45049,SC,Hampton County,H1,,,2020
45051,SC,Horry County,H1,,,2020
45053,SC,Jasper County,H1,,,2020
45055,SC,Kershaw County,H1,,,2020
45057,SC,Lancaster County,H1,,,2020
45059,SC,Laurens County,H1,,,2020
45061,SC,Lee County,H1,,,2020
45063,SC,Lexington County,H1,,,2020
45065,SC,McCormick County,H1,,,2020
45067,SC,Marion County,H1,,,2020
45069,SC,Marlboro County,H1,,,2020
45071,SC,Newberry County,H1,,,2020
45073,SC,Oconee County,H1,,,2020
45075,SC,Orangeburg County,H1,,,2020
45077,SC,Pickens County,H1,,,2020
45079,SC,Richland County,H1,,,2020
45081,SC,Saluda County,H1,,,2020
45083,SC,Spartanburg County,H1,,,2020
45085,SC,Sumter County,H1,,,2020
45087,SC,Union County,H1,,,2020
45089,SC,Williamsburg County,H1,,,2020
45091,SC,York County,H1,,,2020
46003,SD,Aurora County,H1,,,2020
46005,SD,Beadle County,H1,,,2020
46007,SD,Bennett County,H1,,,2020
46009,SD,Bon Homme County,H1,,,2020
46011,SD,Brookings County,H1,,,2020
46013,SD,Brown County,H1,,,2020
46015,SD,Brule County,H1,,,2020
46017,SD,Buffalo County,H1,,,2020
46019,SD,Butte County,H1,,,2020
46021,SD,Campbell County,H1,,,2020
46023,SD,Charles Mix County,H1,,,2020
46025,SD,Clark County,H1,,,2020
46027,SD,Clay County,H1,,,2020
46029,SD,Codington County,H1,,,2020
46031,SD,Corson County,H1,,,2020
46033,SD,Custer County,H1,,,2020
46035,SD,Davison County,H1,,,2020
46037,SD,Day County,H1,,,2020
46039,SD,Deuel County,H1,,,2020
46041,SD,Dewey County,H1,,,2020
46043,SD,Douglas County,H1,,,2020
46045,SD,Edmunds County,H1,,,2020
46047,SD,Fall River County,H1,,,2020
46049,SD,Faulk County,H1,,,2020
46051,SD,Grant County,H1,,,2020
46053,SD,Gregory County,H1,,,2020
46055,SD,Haakon County,H1,,,2020
46057,SD,Hamlin County,H1,,,2020
46059,SD,Hand County,H1,,,2020
46061,SD,Hanson County,H1,,,2020
46063,SD,Harding County,H1,,,2020
46065,SD,Hughes County,H1,,,2020
46067,SD,Hutchinson County,H1,,,2020
46069,SD,Hyde County,H1,,,2020
46071,SD,Jackson County,H1,,,2020
46073,SD,Jerauld County,H1,,,2020
46075,SD,Jones County,H1,,,2020
46077,SD,Kingsbury County,H1,,,2020
46079,SD,Lake County,H1,,,2020
46081,SD,Lawrence County,H1,,,2020
46083,SD,Lincoln County,H1,,,2020
46085,SD,Lyman County,H1,,,2020
46087,SD,McCook County,H1,,,2020
46089,SD,McPherson County,H1,,,2020
46091,SD,Marshall County,H1,,,2020
46093,SD,Meade County,H1,,,2020
46095,SD,Mellette County,H1,,,2020
46097,SD,Miner County,H1,,,2020
46099,SD,Minnehaha County,H1,,,2020
46101,SD,Moody County,H1,,,2020
46102,SD,Oglala Lakota County,H1,2015-05-01,,2020
46103,SD,Pennington County,H1,,,2020
46105,SD,Perkins County,H1,,,2020
46107,SD,Potter County,H1,,,2020
46109,SD,Roberts County,H1,,,2020
46111,SD,Sanborn County,H1,,,2020
46113,SD,Shannon County,,,2015-05-01,census_county_changes
46115,SD,Spink County,H1,,,2020
46117,SD,Stanley County,H1,,,2020
46119,SD,Sully County,H1,,,2020
46121,SD,Todd County,H1,,,2020
46123,SD,Tripp County,H1,,,2020
46125,SD,Turner County,H1,,,2020
46127,SD,Union County,H1,,,2020
46129,SD,Walworth County,H1,,,2020
46135,SD,Yankton County,H1,,,2020
46137,SD,Ziebach County,H1,,,2020
47001,TN,Anderson County,H1,,,2020
47003,TN,Bedford County,H1,,,2020
47005,TN,Benton County,H1,,,2020
47007,TN,Bledsoe County,H1,,,2020
47009,TN,Blount County,H1,,,2020
47011,TN,Bradley County,H1,,,2020
47013,TN,Campbell County,H1,,,2020
47015,TN,Cannon County,H1,,,2020
47017,TN,Carroll County,H1,,,2020
47019,TN,Carter County,H1,,,2020
47021,TN,Cheatham County,H1,,,2020
47023,TN,Chester County,H1,,,2020
47025,TN,Claiborne County,H1,,,2020
47027,TN,Clay County,H1,,,2020
47029,TN,Cocke County,H1,,,2020
47031,TN,Coffee County,H1,,,2020
47033,TN,Crockett County,H1,,,2020
47035,TN,Cumberland County,H1,,,2020
47037,TN,Davidson County,H6,,,2020
47039,TN,Decatur County,H1,,,2020
47041,TN,DeKalb County,H1,,,2020
47043,TN,Dickson County,H1,,,2020
47045,TN,Dyer County,H1,,,2020
47047,TN,Fayette County,H1,,,2020
47049,TN,Fentress County,H1,,,2020
47051,TN,Franklin County,H1,,,2020
47053,TN,Gibson County,H1,,,2020
47055,TN,Giles County,H1,,,2020
47057,TN,Grainger County,H1,,,2020
47059,TN,Greene County,H1,,,2020
47061,TN,Grundy County,H1,,,2020
47063,TN,Hamblen County,H1,,,2020
47065,TN,Hamilton County,H1,,,2020
47067,TN,Hancock County,H1,,,2020
47069,TN,Hardeman County,H1,,,2020
47071,TN,Hardin County,H1,,,2020
47073,TN,Hawkins County,H1,,,2020
47075,TN,Haywood County,H1,,,2020
47077,TN,Henderson County,H1,,,2020
47079,TN,Henry County,H1,,,2020
47081,TN,Hickman County,H1,,,2020
47083,TN,Houston County,H1,,,2020
47085,TN,Humphreys County,H1,,,2020
47087,TN,Jackson County,H1,,,2020
47089,TN,Jefferson County,H1,,,2020
47091,TN,Johnson County,H1,,,2020
47093,TN,Knox County,H1,,,2020
47095,TN,Lake County,H1,,,2020
47097,TN,Lauderdale County,H1,,,2020
47099,TN,Lawrence County,H1,,,2020
47101,TN,Lewis County,H1,,,2020
47103,TN,Lincoln County,H1,,,2020
47105,TN,Loudon County,H1,,,2020
47107,TN,McMinn County,H1,,,2020
47109,TN,McNairy County,H1,,,2020
47111,TN,Macon County,H1,,,2020
47113,TN,Madison County,H1,,,2020
47115,TN,Marion County,H1,,,2020
47117,TN,Marshall County,H1,,,2020
47119,TN,Maury County,H1,,,2020
47121,TN,Meigs County,H1,,,2020
47123,TN,Monroe County,H1,,,2020
47125,TN,Montgomery County,H1,,,2020
47127,TN,Moore County,H6,,,2020
47129,TN,Morgan County,H1,,,2020
47131,TN,Obion County,H1,,,2020
47133,TN,Overton County,H1,,,2020
47135,TN,Perry County,H1,,,2020
47137,TN,Pickett County,H1,,,2020
47139,TN,Polk County,H1,,,2020
47141,TN,Putnam County,H1,,,2020
47143,TN,Rhea County,H1,,,2020
47145,TN,Roane County,H1,,,2020
47147,TN,Robertson County,H1,,,2020
47149,TN,Rutherford County,H1,,,2020
47151,TN,Scott County,H1,,,2020
47153,TN,Sequatchie County,H1,,,2020
47155,TN,Sevier County,H1,,,2020
47157,TN,Shelby County,H1,,,2020
47159,TN,Smith County,H1,,,2020
47161,TN,Stewart County,H1,,,2020
47163,TN,Sullivan County,H1,,,2020
47165,TN,Sumner County,H1,,,2020
47167,TN,Tipton County,H1,,,2020
47169,TN,Trousdale County,H6,,,2020
47171,TN,Unicoi County,H1,,,2020
47173,TN,Union County,H1,,,2020
47175,TN,Van Buren County,H1,,,2020
47177,TN,Warren County,H1,,,2020
47179,TN,Washington County,H1,,,2020
47181,TN,Wayne County,H1,,,2020
47183,TN,Weakley County,H1,,,2020
47185,TN,White County,H1,,,2020
47187,TN,Williamson County,H1,,,2020
47189,TN,Wilson County,H1,,,2020
48001,TX,Anderson County,H1,,,2020
48003,TX,Andrews County,H1,,,2020
48005,TX,Angelina County,H1,,,2020
48007,TX,Aransas County,H1,,,2020
48009,TX,Archer County,H1,,,2020
48011,TX,Armstrong County,H1,,,2020
48013,TX,Atascosa County,H1,,,2020
48015,TX,Austin County,H1,,,2020
48017,TX,Bailey County,H1,,,2020
48019,TX,Bandera County,H1,,,2020
48021,TX,Bastrop County,H1,,,2020
48023,TX,Baylor County,H1,,,2020
48025,TX,Bee County,H1,,,2020
48027,TX,Bell County,H1,,,2020
48029,TX,Bexar County,H1,,,2020
48031,TX,Blanco County,H1,,,2020
48033,TX,Borden County,H1,,,2020
48035,TX,Bosque County,H1,,,2020
48037,TX,Bowie County,H1,,,2020
48039,TX,Brazoria County,H1,,,2020
48041,TX,Brazos County,H1,,,2020
48043,TX,Brewster County,H1,,,2020
48045,TX,Briscoe County,H1,,,2020
48047,TX,Brooks County,H1,,,2020
48049,TX,Brown County,H1,,,2020
48051,TX,Burleson County,H1,,,2020
48053,TX,Burnet County,H1,,,2020
48055,TX,Caldwell County,H1,,,2020
48057,TX,Calhoun County,H1,,,2020
48059,TX,Callahan County,H1,,,2020
48061,TX,Cameron County,H1,,,2020
48063,TX,Camp County,H1,,,2020
48065,TX,Carson County,H1,,,2020
48067,TX,Cass County,H1,,,2020
48069,TX,Castro County,H1,,,2020
48071,TX,Chambers County,H1,,,2020
48073,TX,Cherokee County,H1,,,2020
48075,TX,Childress County,H1,,,2020
48077,TX,Clay County,H1,,,2020
48079,TX,Cochran County,H1,,,2020
48081,TX,Coke County,H1,,,2020
48083,TX,Coleman County,H1,,,2020
48085,TX,Collin County,H1,,,2020
48087,TX,Collingsworth County,H1,,,2020
48089,TX,Colorado County,H1,,,2020
48091,TX,Comal County,H1,,,2020
48093,TX,Comanche County,H1,,,2020
48095,TX,Concho County,H1,,,2020
48097,TX,Cooke County,H1,,,2020
48099,TX,Coryell County,H1,,,2020
48101,TX,Cottle County,H1,,,2020
48103,TX,Crane County,H1,,,2020
48105,TX,Crockett County,H1,,,2020
48107,TX,Crosby County,H1,,,2020
48109,TX,Culberson County,H1,,,2020
48111,TX,Dallam County,H1,,,2020
48113,TX,Dallas County,H1,,,2020
48115,TX,Dawson County,H1,,,2020
48117,TX,Deaf Smith County,H1,,,2020
48119,TX,Delta County,H1,,,2020
48121,TX,Denton County,H1,,,2020
48123,TX,DeWitt County,H1,,,2020
48125,TX,Dickens County,H1,,,2020
48127,TX,Dimmit County,H1,,,2020
48129,TX,Donley County,H1,,,2020
48131,TX,Duval County,H1,,,2020
48133,TX,Eastland County,H1,,,2020
48135,TX,Ector County,H1,,,2020
48137,TX,Edwards County,H1,,,2020
48139,TX,Ellis County,H1,,,2020
48141,TX,El Paso County,H1,,,2020
48143,TX,Erath County,H1,,,2020
48145,TX,Falls County,H1,,,2020
48147,TX,Fannin County,H1,,,2020
48149,TX,Fayette County,H1,,,2020
48151,TX,Fisher County,H1,,,2020
48153,TX,Floyd County,H1,,,2020
48155,TX,Foard County,H1,,,2020
48157,TX,Fort Bend County,H1,,,2020
48159,TX,Franklin County,H1,,,2020
48161,TX,Freestone County,H1,,,2020
48163,TX,Frio County,H1,,,2020
48165,TX,Gaines County,H1,,,2020
48167,TX,Galveston County,H1,,,2020
48169,TX,Garza County,H1,,,2020
48171,TX,Gillespie County,H1,,,2020
48173,TX,Glasscock County,H1,,,2020
48175,TX,Goliad County,H1,,,2020
48177,TX,Gonzales County,H1,,,2020
48179,TX,Gray County,H1,,,2020
48181,TX,Grayson County,H1,,,2020
48183,TX,Gregg County,H1,,,2020
48185,TX,Grimes County,H1,,,2020
48187,TX,Guadalupe County,H1,,,2020
48189,TX,Hale County,H1,,,2020
48191,TX,Hall County,H1,,,2020
48193,TX,Hamilton County,H1,,,2020
48195,TX,Hansford County,H1,,,2020
48197,TX,Hardeman County,H1,,,2020
48199,TX,Hardin County,H1,,,2020
48201,TX,Harris County,H1,,,2020
48203,TX,Harrison County,H1,,,2020
48205,TX,Hartley County,H1,,,2020
48207,TX,Haskell County,H1,,,2020
48209,TX,Hays County,H1,,,2020
48211,TX,Hemphill County,H1,,,2020
48213,TX,Henderson County,H1,,,2020
48215,TX,Hidalgo County,H1,,,2020
48217,TX,Hill County,H1,,,2020
48219,TX,Hockley County,H1,,,2020
48221,TX,Hood County,H1,,,2020
48223,TX,Hopkins County,H1,,,2020
48225,TX,Houston County,H1,,,2020
48227,TX,Howard County,H1,,,2020
48229,TX,Hudspeth County,H1,,,2020
48231,TX,Hunt County,H1,,,2020
48233,TX,Hutchinson County,H1,,,2020
48235,TX,Irion County,H1,,,2020
48237,TX,Jack County,H1,,,2020
48239,TX,Jackson County,H1,,,2020
48241,TX,Jasper County,H1,,,2020
48243,TX,Jeff Davis County,H1,,,2020
48245,TX,Jefferson County,H1,,,2020
48247,TX,Jim Hogg County,H1,,,2020
48249,TX,Jim Wells County,H1,,,2020
48251,TX,Johnson County,H1,,,2020
48253,TX,Jones County,H1,,,2020
48255,TX,Karnes County,H1,,,2020
48257,TX,Kaufman County,H1,,,2020
48259,TX,Kendall County,H1,,,2020
48261,TX,Kenedy County,H1,,,2020
48263,TX,Kent County,H1,,,2020
48265,TX,Kerr County,H1,,,2020
48267,TX,Kimble County,H1,,,2020
48269,TX,King County,H1,,,2020
48271,TX,Kinney County,H1,,,2020
48273,TX,Kleberg County,H1,,,2020
48275,TX,Knox County,H1,,,2020
48277,TX,Lamar County,H1,,,2020
48279,TX,Lamb County,H1,,,2020
48281,TX,Lampasas County,H1,,,2020
48283,TX,La Salle County,H1,,,2020
48285,TX,Lavaca County,H1,,,2020
48287,TX,Lee County,H1,,,2020
48289,TX,Leon County,H1,,,2020
48291,TX,Liberty County,H1,,,2020
48293,TX,Limestone County,H1,,,2020
48295,TX,Lipscomb County,H1,,,2020
48297,TX,Live Oak County,H1,,,2020
48299,TX,Llano County,H1,,,2020
48301,TX,Loving County,H1,,,2020
48303,TX,Lubbock County,H1,,,2020
48305,TX,Lynn County,H1,,,2020
48307,TX,McCulloch County,H1,,,2020
48309,TX,McLennan County,H1,,,2020
48311,TX,McMullen County,H1,,,2020
48313,TX,Madison County,H1,,,2020
48315,TX,Marion County,H1,,,2020
48317,TX,Martin County,H1,,,2020
48319,TX,Mason County,H1,,,2020
48321,TX,Matagorda County,H1,,,2020
48323,TX,Maverick County,H1,,,2020
48325,TX,Medina County,H1,,,2020
48327,TX,Menard County,H1,,,2020
48329,TX,Midland County,H1,,,2020
48331,TX,Milam County,H1,,,2020
48333,TX,Mills County,H1,,,2020
48335,TX,Mitchell County,H1,,,2020
48337,TX,Montague County,H1,,,2020
48339,TX,Montgomery County,H1,,,2020
48341,TX,Moore County,H1,,,2020
48343,TX,Morris County,H1,,,2020
48345,TX,Motley County,H1,,,2020
48347,TX,Nacogdoches County,H1,,,2020
48349,TX,Navarro County,H1,,,2020
48351,TX,Newton County,H1,,,2020
48353,TX,Nolan County,H1,,,2020
48355,TX,Nueces County,H1,,,2020
48357,TX,Ochiltree County,H1,,,2020
48359,TX,Oldham County,H1,,,2020
48361,TX,Orange County,H1,,,2020
48363,TX,Palo Pinto County,H1,,,2020
48365,TX,Panola County,H1,,,2020
48367,TX,Parker County,H1,,,2020
48369,TX,Parmer County,H1,,,2020
48371,TX,Pecos County,H1,,,2020
48373,TX,Polk County,H1,,,2020
48375,TX,Potter County,H1,,,2020
48377,TX,Presidio County,H1,,,2020
48379,TX,Rains County,H1,,,2020
48381,TX,Randall County,H1,,,2020
48383,TX,Reagan County,H1,,,2020
48385,TX,Real County,H1,,,2020
48387,TX,Red River County,H1,,,2020
48389,TX,Reeves County,H1,,,2020
48391,TX,Refugio County,H1,,,2020
48393,TX,Roberts County,H1,,,2020
48395,TX,Robertson County,H1,,,2020
48397,TX,Rockwall County,H1,,,2020
48399,TX,Runnels County,H1,,,2020
48401,TX,Rusk County,H1,,,2020
48403,TX,Sabine County,H1,,,2020
48405,TX,San Augustine County,H1,,,2020
48407,TX,San Jacinto County,H1,,,2020
48409,TX,San Patricio County,H1,,,2020
48411,TX,San Saba County,H1,,,2020
48413,TX,Schleicher County,H1,,,2020
48415,TX,Scurry County,H1,,,2020
48417,TX,Shackelford County,H1,,,2020
48419,TX,Shelby County,H1,,,2020
48421,TX,Sherman County,H1,,,2020
48423,TX,Smith County,H1,,,2020
48425,TX,Somervell County,H1,,,2020
48427,TX,Starr County,H1,,,2020
48429,TX,Stephens County,H1,,,2020
48431,TX,Sterling County,H1,,,2020
48433,TX,Stonewall County,H1,,,2020
48435,TX,Sutton County,H1,,,2020
48437,TX,Swisher County,H1,,,2020
48439,TX,Tarrant County,H1,,,2020
48441,TX,Taylor County,H1,,,2020
48443,TX,Terrell County,H1,,,2020
48445,TX,Terry County,H1,,,2020
48447,TX,Throckmorton County,H1,,,2020
48449,TX,Titus County,H1,,,2020
48451,TX,Tom Green County,H1,,,2020
48453,TX,Travis County,H1,,,2020
48455,TX,Trinity County,H1,,,2020
48457,TX,Tyler County,H1,,,2020
48459,TX,Upshur County,H1,,,2020
48461,TX,Upton County,H1,,,2020
48463,TX,Uvalde County,H1,,,2020
48465,TX,Val Verde County,H1,,,2020
48467,TX,Van Zandt County,H1,,,2020
48469,TX,Victoria County,H1,,,2020
48471,TX,Walker County,H1,,,2020
48473,TX,Waller County,H1,,,2020
48475,TX,Ward County,H1,,,2020
48477,TX,Washington County,H1,,,2020
48479,TX,Webb County,H1,,,2020
48481,TX,Wharton County,H1,,,2020
48483,TX,Wheeler County,H1,,,2020
48485,TX,Wichita County,H1,,,2020
48487,TX,Wilbarger County,H1,,,2020
48489,TX,Willacy County,H1,,,2020
48491,TX,Williamson County,H1,,,2020
48493,TX,Wilson County,H1,,,2020
48495,TX,Winkler County,H1,,,2020
48497,TX,Wise County,H1,,,2020
48499,TX,Wood County,H1,,,2020
48501,TX,Yoakum County,H1,,,2020
48503,TX,Young County,H1,,,2020
48505,TX,Zapata County,H1,,,2020
48507,TX,Zavala County,H1,,,2020
49001,UT,Beaver County,H1,,,2020
49003,UT,Box Elder County,H1,,,2020
49005,UT,Cache County,H1,,,2020
49007,UT,Carbon County,H1,,,2020
49009,UT,Daggett County,H1,,,2020
49011,UT,Davis County,H1,,,2020
49013,UT,Duchesne County,H1,,,2020
49015,UT,Emery County,H1,,,2020
49017,UT,Garfield County,H1,,,2020
49019,UT,Grand County,H1,,,2020
49021,UT,Iron County,H1,,,2020
49023,UT,Juab County,H1,,,2020
49025,UT,Kane County,H1,,,2020
49027,UT,Millard County,H1,,,2020
49029,UT,Morgan County,H1,,,2020
49031,UT,Piute County,H1,,,2020
49033,UT,Rich County,H1,,,2020
49035,UT,Salt Lake County,H1,,,2020
49037,UT,San Juan County,H1,,,2020
49039,UT,Sanpete County,H1,,,2020
49041,UT,Sevier County,H1,,,2020
49043,UT,Summit County,H1,,,2020
49045,UT,Tooele County,H1,,,2020
49047,UT,Uintah County,H1,,,2020
49049,UT,Utah County,H1,,,2020
49051,UT,Wasatch County,H1,,,2020
49053,UT,Washington County,H1,,,2020
49055,UT,Wayne County,H1,,,2020
49057,UT,Weber County,H1,,,2020
50001,VT,Addison County,H1,,,2020
50003,VT,Bennington County,H1,,,2020
50005,VT,Caledonia County,H1,,,2020
50007,VT,Chittenden County,H1,,,2020
50009,VT,Essex County,H1,,,2020
50011,VT,Franklin County,H1,,,2020
50013,VT,Grand Isle County,H1,,,2020
50015,VT,Lamoille County,H1,,,2020
50017,VT,Orange County,H1,,,2020
50019,VT,Orleans County,H1,,,2020
50021,VT,Rutland County,H1,,,2020
50023,VT,Washington County,H1,,,2020
50025,VT,Windham County,H1,,,2020
50027,VT,Windsor County,H1,,,2020
51001,VA,Accomack County,H1,,,2020
51003,VA,Albemarle County,H1,,,2020
51005,VA,Alleghany County,H1,,,2020
51007,VA,Amelia County,H1,,,2020
51009,VA,Amherst County,H1,,,2020
51011,VA,Appomattox County,H1,,,2020
51013,VA,Arlington County,H1,,,2020
51015,VA,Augusta County,H1,,,2020
51017,VA,Bath County,H1,,,2020
51019,VA,Bedford County,H1,,,2020
51021,VA,Bland County,H1,,,2020
51023,VA,Botetourt County,H1,,,2020
51025,VA,Brunswick County,H1,,,2020
51027,VA,Buchanan County,H1,,,2020
51029,VA,Buckingham County,H1,,,2020
51031,VA,Campbell County,H1,,,2020
51033,VA,Caroline County,H1,,,2020
51035,VA,Carroll County,H1,,,2020
51036,VA,Charles City County,H1,,,2020
51037,VA,Charlotte County,H1,,,2020
51041,VA,Chesterfield County,H1,,,2020
51043,VA,Clarke County,H1,,,2020
51045,VA,Craig County,H1,,,2020
51047,VA,Culpeper County,H1,,,2020
51049,VA,Cumberland County,H1,,,2020
51051,VA,Dickenson County,H1,,,2020
51053,VA,Dinwiddie County,H1,,,2020
51057,VA,Essex County,H1,,,2020
51059,VA,Fairfax County,H1,,,2020
51061,VA,Fauquier County,H1,,,2020
51063,VA,Floyd County,H1,,,2020
51065,VA,Fluvanna County,H1,,,2020
51067,VA,Franklin County,H1,,,2020
51069,VA,Frederick County,H1,,,2020
51071,VA,Giles County,H1,,,2020
51073,VA,Gloucester County,H1,,,2020
51075,VA,Goochland County,H1,,,2020
51077,VA,Grayson County,H1,,,2020
51079,VA,Greene County,H1,,,2020
51081,VA,Greensville County,H1,,,2020
51083,VA,Halifax County,H1,,,2020
51085,VA,Hanover County,H1,,,2020
51087,VA,Henrico County,H1,,,2020
51089,VA,Henry County,H1,,,2020
51091,VA,Highland County,H1,,,2020
51093,VA,Isle of Wight County,H1,,,2020
51095,VA,James City County,H1,,,2020
51097,VA,King and Queen County,H1,,,2020
51099,VA,King George County,H1,,,2020
51101,VA,King William County,H1,,,2020
51103,VA,Lancaster County,H1,,,2020
51105,VA,Lee County,H1,,,2020
51107,VA,Loudoun County,H1,,,2020
51109,VA,Louisa County,H1,,,2020
51111,VA,Lunenburg County,H1,,,2020
51113,VA,Madison County,H1,,,2020
51115,VA,Mathews County,H1,,,2020
51117,VA,Mecklenburg County,H1,,,2020
51119,VA,Middlesex County,H1,,,2020
51121,VA,Montgomery County,H1,,,2020
51125,VA,Nelson County,H1,,,2020
51127,VA,New Kent County,H1,,,2020
51131,VA,Northampton County,H1,,,2020
51133,VA,Northumberland County,H1,,,2020
51135,VA,Nottoway County,H1,,,2020
51137,VA,Orange County,H1,,,2020
51139,VA,Page County,H1,,,2020
51141,VA,Patrick County,H1,,,2020
51143,VA,Pittsylvania County,H1,,,2020
51145,VA,Powhatan County,H1,,,2020
51147,VA,Prince Edward County,H1,,,2020
51149,VA,Prince George County,H1,,,2020
51153,VA,Prince William County,H1,,,2020
51155,VA,Pulaski County,H1,,,2020
51157,VA,Rappahannock County,H1,,,2020
51159,VA,Richmond County,H1,,,2020
51161,VA,Roanoke County,H1,,,2020
51163,VA,Rockbridge County,H1,,,2020
51165,VA,Rockingham County,H1,,,2020
51167,VA,Russell County,H1,,,2020
51169,VA,Scott County,H1,,,2020
51171,VA,Shenandoah County,H1,,,2020
51173,VA,Smyth County,H1,,,2020
51175,VA,Southampton County,H1,,,2020
51177,VA,Spotsylvania County,H1,,,2020
51179,VA,Stafford County,H1,,,2020
51181,VA,Surry County,H1,,,2020
51183,VA,Sussex County,H1,,,2020
51185,VA,Tazewell County,H1,,,2020
51187,VA,Warren County,H1,,,2020
51191,VA,Washington County,H1,,,2020
51193,VA,Westmoreland County,H1,,,2020
51195,VA,Wise County,H1,,,2020
51197,VA,Wythe County,H1,,,2020
51199,VA,York County,H1,,,2020
51510,VA,Alexandria city,C7,,,2020
51515,VA,Bedford city,,,2013-07-01,census_county_changes
51520,VA,Bristol city,C7,,,2020
51530,VA,Buena Vista city,C7,,,2020
51540,VA,Charlottesville city,C7,,,2020
51550,VA,Chesapeake city,C7,,,2020
51560,VA,Clifton Forge city,,,2001-07-01,census_county_changes
51570,VA,Colonial Heights city,C7,,,2020
51580,VA,Covington city,C7,,,2020
51590,VA,Danville city,C7,,,2020
51595,VA,Emporia city,C7,,,2020
51600,VA,Fairfax city,C7,,,2020
51610,VA,Falls Church city,C7,,,2020
51620,VA,Franklin city,C7,,,2020
51630,VA,Fredericksburg city,C7,,,2020
51640,VA,Galax city,C7,,,2020
51650,VA,Hampton city,C7,,,2020
51660,VA,Harrisonburg city,C7,,,2020
51670,VA,Hopewell city,C7,,,2020
51678,VA,Lexington city,C7,,,2020
51680,VA,Lynchburg city,C7,,,2020
51683,VA,Manassas city,C7,,,2020
51685,VA,Manassas Park city,C7,,,2020
51690,VA,Martinsville city,C7,,,2020
51700,VA,Newport News city,C7,,,2020
51710,VA,Norfolk city,C7,,,2020
51720,VA,Norton city,C7,,,2020
51730,VA,Petersburg city,C7,,,2020
51735,VA,Poquoson city,C7,,,2020
51740,VA,Portsmouth city,C7,,,2020
51750,VA,Radford city,C7,,,2020
51760,VA,Richmond city,C7,,,2020
51770,VA,Roanoke city,C7,,,2020
51775,VA,Salem city,C7,,,2020
51780,VA,South Boston city,,,1995-06-30,census_county_changes
51790,VA,Staunton city,C7,,,2020
51800,VA,Suffolk city,C7,,,2020
51810,VA,Virginia Beach city,C7,,,2020
51820,VA,Waynesboro city,C7,,,2020
51830,VA,Williamsburg city,C7,,,2020
51840,VA,Winchester city,C7,,,2020
53001,WA,Adams County,H1,,,2020
53003,WA,Asotin County,H1,,,2020
53005,WA,Benton County,H1,,,2020
53007,WA,Chelan County,H1,,,2020
53009,WA,Clallam County,H1,,,2020
53011,WA,Clark County,H1,,,2020
53013,WA,Columbia County,H1,,,2020
53015,WA,Cowlitz County,H1,,,2020
53017,WA,Douglas County,H1,,,2020
53019,WA,Ferry County,H1,,,2020
53021,WA,Franklin County,H1,,,2020
53023,WA,Garfield County,H1,,,2020
53025,WA,Grant County,H1,,,2020
53027,WA,Grays Harbor County,H1,,,2020
53029,WA,Island County,H1,,,2020
53031,WA,Jefferson County,H1,,,2020
53033,WA,King County,H1,,,2020
53035,WA,Kitsap County,H1,,,2020
53037,WA,Kittitas County,H1,,,2020
53039,WA,Klickitat County,H1,,,2020
53041,WA,Lewis County,H1,,,2020
53043,WA,Lincoln County,H1,,,2020
53045,WA,Mason County,H1,,,2020
53047,WA,Okanogan County,H1,,,2020
53049,WA,Pacific County,H1,,,2020
53051,WA,Pend Oreille County,H1,,,2020
53053,WA,Pierce County,H1,,,2020
53055,WA,San Juan County,H1,,,2020
53057,WA,Skagit County,H1,,,2020
53059,WA,Skamania County,H1,,,2020
53061,WA,Snohomish County,H1,,,2020
53063,WA,Spokane County,H1,,,2020
53065,WA,Stevens County,H1,,,2020
53067,WA,Thurston County,H1,,,2020
53069,WA,Wahkiakum County,H1,,,2020
53071,WA,Walla Walla County,H1,,,2020
53073,WA,Whatcom County,H1,,,2020
53075,WA,Whitman County,H1,,,2020
53077,WA,Yakima County,H1,,,2020
54001,WV,Barbour County,H1,,,2020
54003,WV,Berkeley County,H1,,,2020
54005,WV,Boone County,H1,,,2020
54007,WV,Braxton County,H1,,,2020
54009,WV,Brooke County,H1,,,2020
54011,WV,Cabell County,H1,,,2020
54013,WV,Calhoun County,H1,,,2020
54015,WV,Clay County,H1,,,2020
54017,WV,Doddridge County,H1,,,2020
54019,WV,Fayette County,H1,,,2020
54021,WV,Gilmer County,H1,,,2020
54023,WV,Grant County,H1,,,2020
54025,WV,Greenbrier County,H1,,,2020
54027,WV,Hampshire County,H1,,,2020
54029,WV,Hancock County,H1,,,2020
54031,WV,Hardy County,H1,,,2020
54033,WV,Harrison County,H1,,,2020
54035,WV,Jackson County,H1,,,2020
54037,WV,Jefferson County,H1,,,2020
54039,WV,Kanawha County,H1,,,2020
54041,WV,Lewis County,H1,,,2020
54043,WV,Lincoln County,H1,,,2020
54045,WV,Logan County,H1,,,2020
54047,WV,McDowell County,H1,,,2020
54049,WV,Marion County,H1,,,2020
54051,WV,Marshall County,H1,,,2020
54053,WV,Mason County,H1,,,2020
54055,WV,Mercer County,H1,,,2020
54057,WV,Mineral County,H1,,,2020
54059,WV,Mingo County,H1,,,2020
54061,WV,Monongalia County,H1,,,2020
54063,WV,Monroe County,H1,,,2020
54065,WV,Morgan County,H1,,,2020
54067,WV,Nicholas County,H1,,,2020
54069,WV,Ohio County,H1,,,2020
54071,WV,Pendleton County,H1,,,2020
54073,WV,Pleasants County,H1,,,2020
54075,WV,Pocahontas County,H1,,,2020
54077,WV,Preston County,H1,,,2020
54079,WV,Putnam County,H1,,,2020
54081,WV,Raleigh County,H1,,,2020
54083,WV,Randolph County,H1,,,2020
54085,WV,Ritchie County,H1,,,2020
54087,WV,Roane County,H1,,,2020
54089,WV,Summers County,H1,,,2020
54091,WV,Taylor County,H1,,,2020
54093,WV,Tucker County,H1,,,2020
54095,WV,Tyler County,H1,,,2020
54097,WV,Upshur County,H1,,,2020
54099,WV,Wayne County,H1,,,2020
54101,WV,Webster County,H1,,,2020
54103,WV,Wetzel County,H1,,,2020
54105,WV,Wirt County,H1,,,2020
54107,WV,Wood County,H1,,,2020
54109,WV,Wyoming County,H1,,,2020
55001,WI,Adams County,H1,,,2020
55003,WI,Ashland County,H1,,,2020
55005,WI,Barron County,H1,,,2020
55007,WI,Bayfield County,H1,,,2020
55009,WI,Brown County,H1,,,2020
55011,WI,Buffalo County,H1,,,2020
55013,WI,Burnett County,H1,,,2020
55015,WI,Calumet County,H1,,,2020
55017,WI,Chippewa County,H1,,,2020
55019,WI,Clark County,H1,,,2020
55021,WI,Columbia County,H1,,,2020
55023,WI,Crawford County,H1,,,2020
55025,WI,Dane County,H1,,,2020
55027,WI,Dodge County,H1,,,2020
55029,WI,Door County,H1,,,2020
55031,WI,Douglas County,H1,,,2020
55033,WI,Dunn County,H1,,,2020
55035,WI,Eau Claire County,H1,,,2020
55037,WI,Florence County,H1,,,2020
55039,WI,Fond du Lac County,H1,,,2020
55041,WI,Forest County,H1,,,2020
55043,WI,Grant County,H1,,,2020
55045,WI,Green County,H1,,,2020
55047,WI,Green Lake County,H1,,,2020
55049,WI,Iowa County,H1,,,2020
55051,WI,Iron County,H1,,,2020
55053,WI,Jackson County,H1,,,2020
55055,WI,Jefferson County,H1,,,2020
55057,WI,Juneau County,H1,,,2020
55059,WI,Kenosha County,H1,,,2020
55061,WI,Kewaunee County,H1,,,2020
55063,WI,La Crosse County,H1,,,2020
55065,WI,Lafayette County,H1,,,2020
55067,WI,Langlade County,H1,,,2020
55069,WI,Lincoln County,H1,,,2020
55071,WI,Manitowoc County,H1,,,2020
55073,WI,Marathon County,H1,,,2020
55075,WI,Marinette County,H1,,,2020
55077,WI,Marquette County,H1,,,2020
55078,WI,Menominee County,H1,,,2020
55079,WI,Milwaukee County,H1,,,2020
55081,WI,Monroe County,H1,,,2020
55083,WI,Oconto County,H1,,,2020
55085,WI,Oneida County,H1,,,2020
55087,WI,Outagamie County,H1,,,2020
55089,WI,Ozaukee County,H1,,,2020
55091,WI,Pepin County,H1,,,2020
55093,WI,Pierce County,H1,,,2020
55095,WI,Polk County,H1,,,2020
55097,WI,Portage County,H1,,,2020
55099,WI,Price County,H1,,,2020
55101,WI,Racine County,H1,,,2020
55103,WI,Richland County,H1,,,2020
55105,WI,Rock County,H1,,,2020
55107,WI,Rusk County,H1,,,2020
55109,WI,St. Croix County,H1,,,2020
55111,WI,Sauk County,H1,,,2020
55113,WI,Sawyer County,H1,,,2020
55115,WI,Shawano County,H1,,,2020
55117,WI,Sheboygan County,H1,,,2020
55119,WI,Taylor County,H1,,,2020
55121,WI,Trempealeau County,H1,,,2020
55123,WI,Vernon County,H1,,,2020
55125,WI,Vilas County,H1,,,2020
55127,WI,Walworth County,H1,,,2020
55129,WI,Washburn County,H1,,,2020
55131,WI,Washington County,H1,,,2020
55133,WI,Waukesha County,H1,,,2020
55135,WI,Waupaca County,H1,,,2020
55137,WI,Waushara County,H1,,,2020
55139,WI,Winnebago County,H1,,,2020
55141,WI,Wood County,H1,,,2020
56001,WY,Albany County,H1,,,2020
56003,WY,Big Horn County,H1,,,2020
56005,WY,Campbell County,H1,,,2020
56007,WY,Carbon County,H1,,,2020
56009,WY,Converse County,H1,,,2020
56011,WY,Crook County,H1,,,2020
56013,WY,Fremont County,H1,,,2020
56015,WY,Goshen County,H1,,,2020
56017,WY,Hot Springs County,H1,,,2020
56019,WY,Johnson County,H1,,,2020
56021,WY,Laramie County,H1,,,2020
56023,WY,Lincoln County,H1,,,2020
56025,WY,Natrona County,H1,,,2020
56027,WY,Niobrara County,H1,,,2020
56029,WY,Park County,H1,,,2020
56031,WY,Platte County,H1,,,2020
56033,WY,Sheridan County,H1,,,2020
56035,WY,Sublette County,H1,,,2020
56037,WY,Sweetwater County,H1,,,2020
56039,WY,Teton County,H1,,,2020
56041,WY,Uinta County,H1,,,2020
56043,WY,Washakie County,H1,,,2020
56045,WY,Weston County,H1,,,2020
60010,AS,Eastern District,H1,,,2020
60020,AS,Manu'a District,H1,,,2020
60030,AS,Rose Island,H4,,,2020
60040,AS,Swains Island,H4,,,2020
60050,AS,Western District,H1,,,2020
66010,GU,Guam,H4,,,2020
69085,MP,Northern Islands Municipality,H1,,,2020
69100,MP,Rota Municipality,H1,,,2020
69110,MP,Saipan Municipality,H1,,,2020
69120,MP,Tinian Municipality,H1,,,2020
72001,PR,Adjuntas Municipio,H1,,,2020
72003,PR,Aguada Municipio,H1,,,2020
72005,PR,Aguadilla Municipio,H1,,,2020
72007,PR,Aguas Buenas Municipio,H1,,,2020
72009,PR,Aibonito Municipio,H1,,,2020
72011,PR,Añasco Municipio,H1,,,2020
72013,PR,Arecibo Municipio,H1,,,2020
72015,PR,Arroyo Municipio,H1,,,2020
72017,PR,Barceloneta Municipio,H1,,,2020
72019,PR,Barranquitas Municipio,H1,,,2020
72021,PR,Bayamón Municipio,H1,,,2020
72023,PR,Cabo Rojo Municipio,H1,,,2020
72025,PR,Caguas Municipio,H1,,,2020
72027,PR,Camuy Municipio,H1,,,2020
72029,PR,Canóvanas Municipio,H1,,,2020
72031,PR,Carolina Municipio,H1,,,2020
72033,PR,Cataño Municipio,H1,,,2020
72035,PR,Cayey Municipio,H1,,,2020
72037,PR,Ceiba Municipio,H1,,,2020
72039,PR,Ciales Municipio,H1,,,2020
72041,PR,Cidra Municipio,H1,,,2020
72043,PR,Coamo Municipio,H1,,,2020
72045,PR,Comerío Municipio,H1,,,2020
72047,PR,Corozal Municipio,H1,,,2020
72049,PR,Culebra Municipio,H1,,,2020
72051,PR,Dorado Municipio,H1,,,2020
72053,PR,Fajardo Municipio,H1,,,2020
72054,PR,Florida Municipio,H1,,,2020
72055,PR,Guánica Municipio,H1,,,2020
72057,PR,Guayama Municipio,H1,,,2020
72059,PR,Guayanilla Municipio,H1,,,2020
72061,PR,Guaynabo Municipio,H1,,,2020
72063,PR,Gurabo Municipio,H1,,,2020
72065,PR,Hatillo Municipio,H1,,,2020
72067,PR,Hormigueros Municipio,H1,,,2020
72069,PR,Humacao Municipio,H1,,,2020
72071,PR,Isabela Municipio,H1,,,2020
72073,PR,Jayuya Municipio,H1,,,2020
72075,PR,Juana Díaz Municipio,H1,,,2020
72077,PR,Juncos Municipio,H1,,,2020
72079,PR,Lajas Municipio,H1,,,2020
72081,PR,Lares Municipio,H1,,,2020
72083,PR,Las Marías Municipio,H1,,,2020
72085,PR,Las Piedras Municipio,H1,,,2020
72087,PR,Loíza Municipio,H1,,,2020
72089,PR,Luquillo Municipio,H1,,,2020
72091,PR,Manatí Municipio,H1,,,2020
72093,PR,Maricao Municipio,H1,,,2020
72095,PR,Maunabo Municipio,H1,,,2020
72097,PR,Mayagüez Municipio,H1,,,2020
72099,PR,Moca Municipio,H1,,,2020
72101,PR,Morovis Municipio,H1,,,2020
72103,PR,Naguabo Municipio,H1,,,2020
72105,PR,Naranjito Municipio,H1,,,2020
72107,PR,Orocovis Municipio,H1,,,2020
72109,PR,Patillas Municipio,H1,,,2020
72111,PR,Peñuelas Municipio,H1,,,2020
72113,PR,Ponce Municipio,H1,,,2020
72115,PR,Quebradillas Municipio,H1,,,2020
72117,PR,Rincón Municipio,H1,,,2020
72119,PR,Río Grande Municipio,H1,,,2020
72121,PR,Sabana Grande Municipio,H1,,,2020
72123,PR,Salinas Municipio,H1,,,2020
72125,PR,San Germán Municipio,H1,,,2020
72127,PR,San Juan Municipio,H1,,,2020
72129,PR,San Lorenzo Municipio,H1,,,2020
72131,PR,San Sebastián Municipio,H1,,,2020
72133,PR,Santa Isabel Municipio,H1,,,2020
72135,PR,Toa Alta Municipio,H1,,,2020
72137,PR,Toa Baja Municipio,H1,,,2020
72139,PR,Trujillo Alto Municipio,H1,,,2020
72141,PR,Utuado Municipio,H1,,,2020
72143,PR,Vega Alta Municipio,H1,,,2020
72145,PR,Vega Baja Municipio,H1,,,2020
72147,PR,Vieques Municipio,H1,,,2020
72149,PR,Villalba Municipio,H1,,,2020
72151,PR,Yabucoa Municipio,H1,,,2020
72153,PR,Yauco Municipio,H1,,,2020
74300,UM,Midway Islands,H4,,,2020
78010,VI,St. Croix Island,H4,,,2020
78020,VI,St. John Island,H4,,,2020
78030,VI,St. Thomas Island,H4,,,2020
